drugbank_id,name,smiles_canonical,image_path
DB00006,Bivalirudin,CC[C@H](C)[C@H](NC(=O)[C@H](CCC(=O)O)NC(=O)[C@H](CCC(=O)O)NC(=O)[C@H](Cc1ccccc1)NC(=O)[C@H](CC(=O)O)NC(=O)CNC(=O)[C@H](CC(N)=O)NC(=O)CNC(=O)CNC(=O)CNC(=O)CNC(=O)[C@@H]1CCCN1C(=O)[C@H](CCCNC(=N)N)NC(=O)[C@@H]1CCCN1C(=O)[C@H](N)Cc1ccccc1)C(=O)N1CCC[C@H]1C(=O)N[C@@H](CCC(=O)O)C(=O)N[C@@H](CCC(=O)O)C(=O)N[C@@H](Cc1ccc(O)cc1)C(=O)N[C@@H](CC(C)C)C(=O)O,drug_embeddings_by_freq\drug_images\DB00006.png
DB00014,Goserelin,CC(C)C[C@H](NC(=O)[C@@H](COC(C)(C)C)NC(=O)[C@H](Cc1ccc(O)cc1)NC(=O)[C@H](CO)NC(=O)[C@H](Cc1c[nH]c2ccccc12)NC(=O)[C@H](Cc1cnc[nH]1)NC(=O)[C@@H]1CCC(=O)N1)C(=O)N[C@@H](CCCN=C(N)N)C(=O)N1CCC[C@H]1C(=O)NNC(N)=O,drug_embeddings_by_freq\drug_images\DB00014.png
DB00035,Desmopressin,N=C(N)NCCC[C@@H](NC(=O)[C@@H]1CCCN1C(=O)[C@@H]1CSSCCC(=O)N[C@@H](Cc2ccc(O)cc2)C(=O)N[C@@H](Cc2ccccc2)C(=O)N[C@@H](CCC(N)=O)C(=O)N[C@@H](CC(N)=O)C(=O)N1)C(=O)NCC(N)=O,drug_embeddings_by_freq\drug_images\DB00035.png
DB00080,Daptomycin,CCCCCCCCCC(=O)N[C@@H](Cc1c[nH]c2ccccc12)C(=O)N[C@H](CC(N)=O)C(=O)N[C@@H](CC(=O)O)C(=O)N[C@@H]1C(=O)NCC(=O)N[C@@H](CCCN)C(=O)N[C@@H](CC(=O)O)C(=O)N[C@H](C)C(=O)N[C@@H](CC(=O)O)C(=O)NCC(=O)N[C@H](CO)C(=O)N[C@@H]([C@H](C)CC(=O)O)C(=O)N[C@@H](CC(=O)c2ccccc2N)C(=O)O[C@@H]1C,drug_embeddings_by_freq\drug_images\DB00080.png
DB00106,Abarelix,CC(=O)N[C@H](Cc1ccc2ccccc2c1)C(=O)N[C@H](Cc1ccc(Cl)cc1)C(=O)N[C@H](Cc1cccnc1)C(=O)N[C@@H](CO)C(=O)N(C)[C@@H](Cc1ccc(O)cc1)C(=O)N[C@H](CC(N)=O)C(=O)N[C@@H](CC(C)C)C(=O)N[C@@H](CCCCNC(C)C)C(=O)N1CCC[C@H]1C(=O)N[C@H](C)C(N)=O,drug_embeddings_by_freq\drug_images\DB00106.png
DB00136,Calcitriol,C=C1/C(=C\C=C2/CCC[C@]3(C)[C@@H]([C@H](C)CCCC(C)(C)O)CC[C@@H]23)C[C@@H](O)C[C@@H]1O,drug_embeddings_by_freq\drug_images\DB00136.png
DB00175,Pravastatin,CC[C@H](C)C(=O)O[C@H]1C[C@H](O)C=C2C=C[C@H](C)[C@H](CC[C@@H](O)C[C@@H](O)CC(=O)O)[C@H]21,drug_embeddings_by_freq\drug_images\DB00175.png
DB00176,Fluvoxamine,COCCCC/C(=N\OCCN)c1ccc(C(F)(F)F)cc1,drug_embeddings_by_freq\drug_images\DB00176.png
DB00177,Valsartan,CCCCC(=O)N(Cc1ccc(-c2ccccc2-c2nn[nH]n2)cc1)[C@H](C(=O)O)C(C)C,drug_embeddings_by_freq\drug_images\DB00177.png
DB00178,Ramipril,CCOC(=O)[C@H](CCc1ccccc1)N[C@@H](C)C(=O)N1[C@H](C(=O)O)C[C@@H]2CCC[C@@H]21,drug_embeddings_by_freq\drug_images\DB00178.png
DB00180,Flunisolide,CC1(C)O[C@@H]2C[C@H]3[C@@H]4C[C@H](F)C5=CC(=O)C=C[C@]5(C)[C@H]4[C@@H](O)C[C@]3(C)[C@]2(C(=O)CO)O1,drug_embeddings_by_freq\drug_images\DB00180.png
DB00181,Baclofen,NCC(CC(=O)O)c1ccc(Cl)cc1,drug_embeddings_by_freq\drug_images\DB00181.png
DB00184,Nicotine,CN1CCC[C@H]1c1cccnc1,drug_embeddings_by_freq\drug_images\DB00184.png
DB00185,Cevimeline,CC1O[C@@]2(CS1)CN1CCC2CC1,drug_embeddings_by_freq\drug_images\DB00185.png
DB00186,Lorazepam,O=C1Nc2ccc(Cl)cc2C(c2ccccc2Cl)=NC1O,drug_embeddings_by_freq\drug_images\DB00186.png
DB00187,Esmolol,COC(=O)CCc1ccc(OCC(O)CNC(C)C)cc1,drug_embeddings_by_freq\drug_images\DB00187.png
DB00188,Bortezomib,CC(C)C[C@H](NC(=O)[C@H](Cc1ccccc1)NC(=O)c1cnccn1)B(O)O,drug_embeddings_by_freq\drug_images\DB00188.png
DB00193,Tramadol,COc1cccc(C2(O)CCCCC2CN(C)C)c1,drug_embeddings_by_freq\drug_images\DB00193.png
DB00195,Betaxolol,CC(C)NCC(O)COc1ccc(CCOCC2CC2)cc1,drug_embeddings_by_freq\drug_images\DB00195.png
DB00196,Fluconazole,OC(Cn1cncn1)(Cn1cncn1)c1ccc(F)cc1F,drug_embeddings_by_freq\drug_images\DB00196.png
DB00198,Oseltamivir,CCOC(=O)C1=C[C@@H](OC(CC)CC)[C@H](NC(C)=O)[C@@H](N)C1,drug_embeddings_by_freq\drug_images\DB00198.png
DB00201,Caffeine,Cn1c(=O)c2c(ncn2C)n(C)c1=O,drug_embeddings_by_freq\drug_images\DB00201.png
DB00203,Sildenafil,CCCc1nn(C)c2c(=O)[nH]c(-c3cc(S(=O)(=O)N4CCN(C)CC4)ccc3OCC)nc12,drug_embeddings_by_freq\drug_images\DB00203.png
DB00204,Dofetilide,CN(CCOc1ccc(NS(C)(=O)=O)cc1)CCc1ccc(NS(C)(=O)=O)cc1,drug_embeddings_by_freq\drug_images\DB00204.png
DB00207,Azithromycin,CC[C@H]1OC(=O)[C@H](C)[C@@H](O[C@H]2C[C@@](C)(OC)[C@@H](O)[C@H](C)O2)[C@H](C)[C@@H](O[C@@H]2O[C@H](C)C[C@H](N(C)C)[C@H]2O)[C@](C)(O)C[C@@H](C)CN(C)[C@H](C)[C@@H](O)[C@]1(C)O,drug_embeddings_by_freq\drug_images\DB00207.png
DB00209,Trospium,O=C(O[C@H]1C[C@H]2CC[C@@H](C1)[N+]21CCCC1)C(O)(c1ccccc1)c1ccccc1,drug_embeddings_by_freq\drug_images\DB00209.png
DB00210,Adapalene,COc1ccc(-c2ccc3cc(C(=O)O)ccc3c2)cc1C12CC3CC(CC(C3)C1)C2,drug_embeddings_by_freq\drug_images\DB00210.png
DB00211,Midodrine,COc1ccc(OC)c(C(O)CNC(=O)CN)c1,drug_embeddings_by_freq\drug_images\DB00211.png
DB00213,Pantoprazole,COc1ccnc(CS(=O)c2nc3ccc(OC(F)F)cc3[nH]2)c1OC,drug_embeddings_by_freq\drug_images\DB00213.png
DB00214,Torasemide,Cc1cccc(Nc2ccncc2S(=O)(=O)NC(=O)NC(C)C)c1,drug_embeddings_by_freq\drug_images\DB00214.png
DB00215,Citalopram,CN(C)CCCC1(c2ccc(F)cc2)OCc2cc(C#N)ccc21,drug_embeddings_by_freq\drug_images\DB00215.png
DB00216,Eletriptan,CN1CCC[C@@H]1Cc1c[nH]c2ccc(CCS(=O)(=O)c3ccccc3)cc12,drug_embeddings_by_freq\drug_images\DB00216.png
DB00218,Moxifloxacin,COc1c(N2C[C@@H]3CCCN[C@@H]3C2)c(F)cc2c(=O)c(C(=O)O)cn(C3CC3)c12,drug_embeddings_by_freq\drug_images\DB00218.png
DB00220,Nelfinavir,Cc1c(O)cccc1C(=O)N[C@@H](CSc1ccccc1)[C@H](O)CN1C[C@H]2CCCC[C@H]2C[C@H]1C(=O)NC(C)(C)C,drug_embeddings_by_freq\drug_images\DB00220.png
DB00222,Glimepiride,CCC1=C(C)CN(C(=O)NCCc2ccc(S(=O)(=O)NC(=O)N[C@H]3CC[C@H](C)CC3)cc2)C1=O,drug_embeddings_by_freq\drug_images\DB00222.png
DB00224,Indinavir,CC(C)(C)NC(=O)[C@@H]1CN(Cc2cccnc2)CCN1C[C@@H](O)C[C@@H](Cc1ccccc1)C(=O)N[C@H]1c2ccccc2C[C@H]1O,drug_embeddings_by_freq\drug_images\DB00224.png
DB00227,Lovastatin,CC[C@H](C)C(=O)O[C@H]1C[C@@H](C)C=C2C=C[C@H](C)[C@H](CC[C@@H]3C[C@@H](O)CC(=O)O3)[C@H]21,drug_embeddings_by_freq\drug_images\DB00227.png
DB00230,Pregabalin,CC(C)C[C@H](CN)CC(=O)O,drug_embeddings_by_freq\drug_images\DB00230.png
DB00231,Temazepam,CN1C(=O)C(O)N=C(c2ccccc2)c2cc(Cl)ccc21,drug_embeddings_by_freq\drug_images\DB00231.png
DB00234,Reboxetine,CCOc1ccccc1O[C@H](c1ccccc1)[C@H]1CNCCO1,drug_embeddings_by_freq\drug_images\DB00234.png
DB00238,Nevirapine,Cc1ccnc2c1NC(=O)c1cccnc1N2C1CC1,drug_embeddings_by_freq\drug_images\DB00238.png
DB00242,Cladribine,Nc1nc(Cl)nc2c1ncn2[C@H]1C[C@H](O)[C@@H](CO)O1,drug_embeddings_by_freq\drug_images\DB00242.png
DB00243,Ranolazine,COc1ccccc1OCC(O)CN1CCN(CC(=O)Nc2c(C)cccc2C)CC1,drug_embeddings_by_freq\drug_images\DB00243.png
DB00244,Mesalazine,Nc1ccc(O)c(C(=O)O)c1,drug_embeddings_by_freq\drug_images\DB00244.png
DB00246,Ziprasidone,O=C1Cc2cc(CCN3CCN(c4nsc5ccccc45)CC3)c(Cl)cc2N1,drug_embeddings_by_freq\drug_images\DB00246.png
DB00248,Cabergoline,C=CCN1C[C@H](C(=O)N(CCCN(C)C)C(=O)NCC)C[C@@H]2c3cccc4[nH]cc(c34)C[C@H]21,drug_embeddings_by_freq\drug_images\DB00248.png
DB00250,Dapsone,Nc1ccc(S(=O)(=O)c2ccc(N)cc2)cc1,drug_embeddings_by_freq\drug_images\DB00250.png
DB00251,Terconazole,CC(C)N1CCN(c2ccc(OC[C@@H]3CO[C@@](Cn4cncn4)(c4ccc(Cl)cc4Cl)O3)cc2)CC1,drug_embeddings_by_freq\drug_images\DB00251.png
DB00252,Phenytoin,O=C1NC(=O)C(c2ccccc2)(c2ccccc2)N1,drug_embeddings_by_freq\drug_images\DB00252.png
DB00254,Doxycycline,C[C@H]1c2cccc(O)c2C(=O)C2=C(O)[C@]3(O)C(=O)C(C(N)=O)=C(O)[C@@H](N(C)C)[C@@H]3[C@@H](O)[C@@H]21,drug_embeddings_by_freq\drug_images\DB00254.png
DB00261,Anagrelide,O=C1CN2Cc3c(ccc(Cl)c3Cl)N=C2N1,drug_embeddings_by_freq\drug_images\DB00261.png
DB00262,Carmustine,O=NN(CCCl)C(=O)NCCCl,drug_embeddings_by_freq\drug_images\DB00262.png
DB00264,Metoprolol,COCCc1ccc(OCC(O)CNC(C)C)cc1,drug_embeddings_by_freq\drug_images\DB00264.png
DB00268,Ropinirole,CCCN(CCC)CCc1cccc2c1CC(=O)N2,drug_embeddings_by_freq\drug_images\DB00268.png
DB00270,Isradipine,COC(=O)C1=C(C)NC(C)=C(C(=O)OC(C)C)C1c1cccc2nonc12,drug_embeddings_by_freq\drug_images\DB00270.png
DB00273,Topiramate,CC1(C)O[C@@H]2[C@@H](CO[C@@]3(COS(N)(=O)=O)OC(C)(C)O[C@@H]23)O1,drug_embeddings_by_freq\drug_images\DB00273.png
DB00276,Amsacrine,COc1cc(NS(C)(=O)=O)ccc1Nc1c2ccccc2nc2ccccc12,drug_embeddings_by_freq\drug_images\DB00276.png
DB00277,Theophylline,Cn1c(=O)c2[nH]cnc2n(C)c1=O,drug_embeddings_by_freq\drug_images\DB00277.png
DB00278,Argatroban,CC1CNc2c(cccc2S(=O)(=O)N[C@@H](CCCNC(=N)N)C(=O)N2CC[C@@H](C)C[C@@H]2C(=O)O)C1,drug_embeddings_by_freq\drug_images\DB00278.png
DB00281,Lidocaine,CCN(CC)CC(=O)Nc1c(C)cccc1C,drug_embeddings_by_freq\drug_images\DB00281.png
DB00285,Venlafaxine,COc1ccc(C(CN(C)C)C2(O)CCCCC2)cc1,drug_embeddings_by_freq\drug_images\DB00285.png
DB00287,Travoprost,CC(C)OC(=O)CCC/C=C\C[C@@H]1[C@@H](/C=C/[C@@H](O)COc2cccc(C(F)(F)F)c2)[C@H](O)C[C@@H]1O,drug_embeddings_by_freq\drug_images\DB00287.png
DB00289,Atomoxetine,CNCC[C@@H](Oc1ccccc1C)c1ccccc1,drug_embeddings_by_freq\drug_images\DB00289.png
DB00290,Bleomycin,Cc1c(N)nc([C@H](CC(N)=O)NC[C@H](N)C(N)=O)nc1C(=O)N[C@H](C(=O)N[C@H](C)[C@@H](O)[C@H](C)C(=O)N[C@H](C(=O)NCCc1nc(-c2nc(C(=O)NCCC[S+](C)C)cs2)cs1)[C@@H](C)O)[C@@H](OC1OC(CO)C(O)C(O)C1OC1OC(CO)C(O)C(OC(N)=O)C1O)c1c[nH]cn1,drug_embeddings_by_freq\drug_images\DB00290.png
DB00291,Chlorambucil,O=C(O)CCCc1ccc(N(CCCl)CCCl)cc1,drug_embeddings_by_freq\drug_images\DB00291.png
DB00293,Raltitrexed,Cc1nc(=O)c2cc(CN(C)c3ccc(C(=O)N[C@@H](CCC(=O)O)C(=O)O)s3)ccc2[nH]1,drug_embeddings_by_freq\drug_images\DB00293.png
DB00294,Etonogestrel,C#C[C@]1(O)CC[C@H]2[C@@H]3CCC4=CC(=O)CC[C@@H]4[C@H]3C(=C)C[C@@]21CC,drug_embeddings_by_freq\drug_images\DB00294.png
DB00295,Morphine,CN1CC[C@]23c4c5ccc(O)c4O[C@H]2[C@@H](O)C=C[C@H]3[C@H]1C5,drug_embeddings_by_freq\drug_images\DB00295.png
DB00296,Ropivacaine,CCCN1CCCC[C@H]1C(=O)Nc1c(C)cccc1C,drug_embeddings_by_freq\drug_images\DB00296.png
DB00297,Bupivacaine,CCCCN1CCCCC1C(=O)Nc1c(C)cccc1C,drug_embeddings_by_freq\drug_images\DB00297.png
DB00299,Penciclovir,Nc1nc(=O)c2ncn(CCC(CO)CO)c2[nH]1,drug_embeddings_by_freq\drug_images\DB00299.png
DB00301,Flucloxacillin,Cc1onc(-c2c(F)cccc2Cl)c1C(=O)N[C@@H]1C(=O)N2[C@@H]1SC(C)(C)[C@@H]2C(=O)O,drug_embeddings_by_freq\drug_images\DB00301.png
DB00303,Ertapenem,C[C@@H](O)[C@H]1C(=O)N2C(C(=O)O)=C(S[C@@H]3CN[C@H](C(=O)Nc4cccc(C(=O)O)c4)C3)[C@H](C)[C@H]12,drug_embeddings_by_freq\drug_images\DB00303.png
DB00307,Bexarotene,C=C(c1ccc(C(=O)O)cc1)c1cc2c(cc1C)C(C)(C)CCC2(C)C,drug_embeddings_by_freq\drug_images\DB00307.png
DB00308,Ibutilide,CCCCCCCN(CC)CCCC(O)c1ccc(NS(C)(=O)=O)cc1,drug_embeddings_by_freq\drug_images\DB00308.png
DB00315,Zolmitriptan,CN(C)CCc1c[nH]c2ccc(C[C@H]3COC(=O)N3)cc12,drug_embeddings_by_freq\drug_images\DB00315.png
DB00317,Gefitinib,COc1cc2ncnc(Nc3ccc(F)c(Cl)c3)c2cc1OCCCN1CCOCC1,drug_embeddings_by_freq\drug_images\DB00317.png
DB00319,Piperacillin,CCN1CCN(C(=O)N[C@@H](C(=O)N[C@@H]2C(=O)N3[C@@H]2SC(C)(C)[C@@H]3C(=O)O)c2ccccc2)C(=O)C1=O,drug_embeddings_by_freq\drug_images\DB00319.png
DB00320,Dihydroergotamine,CN1C[C@H](C(=O)N[C@]2(C)O[C@@]3(O)[C@@H]4CCCN4C(=O)[C@H](Cc4ccccc4)N3C2=O)C[C@@H]2c3cccc4[nH]cc(c34)C[C@H]21,drug_embeddings_by_freq\drug_images\DB00320.png
DB00323,Tolcapone,Cc1ccc(C(=O)c2cc(O)c(O)c([N+](=O)[O-])c2)cc1,drug_embeddings_by_freq\drug_images\DB00323.png
DB00327,Hydromorphone,CN1CC[C@]23c4c5ccc(O)c4O[C@H]2C(=O)CC[C@H]3[C@H]1C5,drug_embeddings_by_freq\drug_images\DB00327.png
DB00331,Metformin,CN(C)C(=N)NC(=N)N,drug_embeddings_by_freq\drug_images\DB00331.png
DB00334,Olanzapine,Cc1cc2c(s1)Nc1ccccc1N=C2N1CCN(C)CC1,drug_embeddings_by_freq\drug_images\DB00334.png
DB00335,Atenolol,CC(C)NCC(O)COc1ccc(CC(N)=O)cc1,drug_embeddings_by_freq\drug_images\DB00335.png
DB00337,Pimecrolimus,CC[C@@H]1/C=C(\C)C[C@H](C)C[C@H](OC)[C@H]2O[C@@](O)(C(=O)C(=O)N3CCCC[C@H]3C(=O)O[C@H](/C(C)=C/[C@@H]3CC[C@H](Cl)[C@H](OC)C3)[C@H](C)[C@@H](O)CC1=O)[C@H](C)C[C@@H]2OC,drug_embeddings_by_freq\drug_images\DB00337.png
DB00338,Omeprazole,COc1ccc2nc(S(=O)Cc3ncc(C)c(OC)c3C)[nH]c2c1,drug_embeddings_by_freq\drug_images\DB00338.png
DB00341,Cetirizine,O=C(O)COCCN1CCN(C(c2ccccc2)c2ccc(Cl)cc2)CC1,drug_embeddings_by_freq\drug_images\DB00341.png
DB00343,Diltiazem,COc1ccc([C@@H]2Sc3ccccc3N(CCN(C)C)C(=O)[C@@H]2OC(C)=O)cc1,drug_embeddings_by_freq\drug_images\DB00343.png
DB00346,Alfuzosin,COc1cc2nc(N(C)CCCNC(=O)C3CCCO3)nc(N)c2cc1OC,drug_embeddings_by_freq\drug_images\DB00346.png
DB00348,Nitisinone,O=C1CCCC(=O)C1C(=O)c1ccc(C(F)(F)F)cc1[N+](=O)[O-],drug_embeddings_by_freq\drug_images\DB00348.png
DB00349,Clobazam,CN1C(=O)CC(=O)N(c2ccccc2)c2cc(Cl)ccc21,drug_embeddings_by_freq\drug_images\DB00349.png
DB00355,Aztreonam,C[C@H]1[C@H](NC(=O)/C(=N\OC(C)(C)C(=O)O)c2csc([NH3+])n2)C(=O)N1S(=O)(=O)[O-],drug_embeddings_by_freq\drug_images\DB00355.png
DB00360,Sapropterin,C[C@H](O)[C@H](O)[C@H]1CNc2nc(N)[nH]c(=O)c2N1,drug_embeddings_by_freq\drug_images\DB00360.png
DB00361,Vinorelbine,CCC1=C[C@@H]2CN(C1)Cc1c([nH]c3ccccc13)[C@@](C(=O)OC)(c1cc3c(cc1OC)N(C)[C@H]1[C@@](O)(C(=O)OC)[C@H](OC(C)=O)[C@]4(CC)C=CCN5CC[C@]31[C@@H]54)C2,drug_embeddings_by_freq\drug_images\DB00361.png
DB00363,Clozapine,CN1CCN(C2=Nc3cc(Cl)ccc3Nc3ccccc32)CC1,drug_embeddings_by_freq\drug_images\DB00363.png
DB00367,Levonorgestrel,C#C[C@]1(O)CC[C@H]2[C@@H]3CCC4=CC(=O)CC[C@@H]4[C@H]3CC[C@@]21CC,drug_embeddings_by_freq\drug_images\DB00367.png
DB00369,Cidofovir,Nc1ccn(C[C@@H](CO)OCP(=O)(O)O)c(=O)n1,drug_embeddings_by_freq\drug_images\DB00369.png
DB00370,Mirtazapine,CN1CCN2c3ncccc3Cc3ccccc3C2C1,drug_embeddings_by_freq\drug_images\DB00370.png
DB00373,Timolol,CC(C)(C)NC[C@H](O)COc1nsnc1N1CCOCC1,drug_embeddings_by_freq\drug_images\DB00373.png
DB00374,Treprostinil,CCCCC[C@H](O)CC[C@@H]1[C@H]2Cc3cccc(OCC(=O)O)c3C[C@H]2C[C@H]1O,drug_embeddings_by_freq\drug_images\DB00374.png
DB00377,Palonosetron,O=C1c2cccc3c2[C@H](CCC3)CN1[C@@H]1CN2CCC1CC2,drug_embeddings_by_freq\drug_images\DB00377.png
DB00379,Mexiletine,Cc1cccc(C)c1OCC(C)N,drug_embeddings_by_freq\drug_images\DB00379.png
DB00380,Dexrazoxane,C[C@@H](CN1CC(=O)NC(=O)C1)N1CC(=O)NC(=O)C1,drug_embeddings_by_freq\drug_images\DB00380.png
DB00381,Amlodipine,CCOC(=O)C1=C(COCCN)NC(C)=C(C(=O)OC)C1c1ccccc1Cl,drug_embeddings_by_freq\drug_images\DB00381.png
DB00390,Digoxin,C[C@H]1O[C@@H](O[C@H]2[C@@H](O)C[C@H](O[C@H]3[C@@H](O)C[C@H](O[C@H]4CC[C@@]5(C)[C@H](CC[C@@H]6[C@@H]5C[C@@H](O)[C@]5(C)[C@@H](C7=CC(=O)OC7)CC[C@]65O)C4)O[C@@H]3C)O[C@@H]2C)C[C@H](O)[C@@H]1O,drug_embeddings_by_freq\drug_images\DB00390.png
DB00393,Nimodipine,COCCOC(=O)C1=C(C)NC(C)=C(C(=O)OC(C)C)C1c1cccc([N+](=O)[O-])c1,drug_embeddings_by_freq\drug_images\DB00393.png
DB00396,Progesterone,CC(=O)[C@H]1CC[C@H]2[C@@H]3CCC4=CC(=O)CC[C@]4(C)[C@H]3CC[C@]12C,drug_embeddings_by_freq\drug_images\DB00396.png
DB00398,Sorafenib,CNC(=O)c1cc(Oc2ccc(NC(=O)Nc3ccc(Cl)c(C(F)(F)F)c3)cc2)ccn1,drug_embeddings_by_freq\drug_images\DB00398.png
DB00401,Nisoldipine,COC(=O)C1=C(C)NC(C)=C(C(=O)OCC(C)C)C1c1ccccc1[N+](=O)[O-],drug_embeddings_by_freq\drug_images\DB00401.png
DB00402,Eszopiclone,CN1CCN(C(=O)O[C@H]2c3nccnc3C(=O)N2c2ccc(Cl)cn2)CC1,drug_embeddings_by_freq\drug_images\DB00402.png
DB00404,Alprazolam,Cc1nnc2n1-c1ccc(Cl)cc1C(c1ccccc1)=NC2,drug_embeddings_by_freq\drug_images\DB00404.png
DB00408,Loxapine,CN1CCN(C2=Nc3ccccc3Oc3ccc(Cl)cc32)CC1,drug_embeddings_by_freq\drug_images\DB00408.png
DB00410,Mupirocin,C/C(=C\C(=O)OCCCCCCCCC(=O)O)C[C@@H]1OC[C@H](C[C@@H]2O[C@H]2[C@@H](C)[C@H](C)O)[C@@H](O)[C@H]1O,drug_embeddings_by_freq\drug_images\DB00410.png
DB00412,Rosiglitazone,CN(CCOc1ccc(CC2SC(=O)NC2=O)cc1)c1ccccn1,drug_embeddings_by_freq\drug_images\DB00412.png
DB00413,Pramipexole,CCCN[C@H]1CCc2nc(N)sc2C1,drug_embeddings_by_freq\drug_images\DB00413.png
DB00419,Miglustat,CCCCN1C[C@H](O)[C@@H](O)[C@H](O)[C@H]1CO,drug_embeddings_by_freq\drug_images\DB00419.png
DB00422,Methylphenidate,COC(=O)C(c1ccccc1)C1CCCCN1,drug_embeddings_by_freq\drug_images\DB00422.png
DB00424,Hyoscyamine,CN1[C@@H]2CC[C@H]1C[C@@H](OC(=O)[C@H](CO)c1ccccc1)C2,drug_embeddings_by_freq\drug_images\DB00424.png
DB00425,Zolpidem,Cc1ccc(-c2nc3ccc(C)cn3c2CC(=O)N(C)C)cc1,drug_embeddings_by_freq\drug_images\DB00425.png
DB00426,Famciclovir,CC(=O)OCC(CCn1cnc2cnc(N)nc21)COC(C)=O,drug_embeddings_by_freq\drug_images\DB00426.png
DB00428,Streptozocin,CN(N=O)C(=O)N[C@@H](C=O)[C@@H](O)[C@H](O)[C@H](O)CO,drug_embeddings_by_freq\drug_images\DB00428.png
DB00437,Allopurinol,Oc1ncnc2[nH]ncc12,drug_embeddings_by_freq\drug_images\DB00437.png
DB00438,Ceftazidime,CC(C)(O/N=C(\C(=O)N[C@@H]1C(=O)N2C(C(=O)[O-])=C(C[n+]3ccccc3)CS[C@H]12)c1csc(N)n1)C(=O)O,drug_embeddings_by_freq\drug_images\DB00438.png
DB00439,Cerivastatin,COCc1c(C(C)C)nc(C(C)C)c(/C=C/[C@@H](O)C[C@@H](O)CC(=O)O)c1-c1ccc(F)cc1,drug_embeddings_by_freq\drug_images\DB00439.png
DB00440,Trimethoprim,COc1cc(Cc2cnc(N)nc2N)cc(OC)c1OC,drug_embeddings_by_freq\drug_images\DB00440.png
DB00441,Gemcitabine,Nc1ccn([C@@H]2O[C@H](CO)[C@@H](O)C2(F)F)c(=O)n1,drug_embeddings_by_freq\drug_images\DB00441.png
DB00442,Entecavir,C=C1[C@H](CO)[C@@H](O)C[C@@H]1n1cnc2c(=O)nc(N)[nH]c21,drug_embeddings_by_freq\drug_images\DB00442.png
DB00444,Teniposide,COc1cc([C@@H]2c3cc4c(cc3[C@@H](O[C@@H]3O[C@@H]5CO[C@@H](c6cccs6)O[C@H]5[C@H](O)[C@H]3O)[C@H]3COC(=O)[C@H]23)OCO4)cc(OC)c1O,drug_embeddings_by_freq\drug_images\DB00444.png
DB00445,Epirubicin,COc1cccc2c1C(=O)c1c(O)c3c(c(O)c1C2=O)C[C@@](O)(C(=O)CO)C[C@@H]3O[C@H]1C[C@H](N)[C@@H](O)[C@H](C)O1,drug_embeddings_by_freq\drug_images\DB00445.png
DB00448,Lansoprazole,Cc1c(OCC(F)(F)F)ccnc1CS(=O)c1nc2ccccc2[nH]1,drug_embeddings_by_freq\drug_images\DB00448.png
DB00455,Loratadine,CCOC(=O)N1CCC(=C2c3ccc(Cl)cc3CCc3cccnc32)CC1,drug_embeddings_by_freq\drug_images\DB00455.png
DB00457,Prazosin,COc1cc2nc(N3CCN(C(=O)c4ccco4)CC3)nc(N)c2cc1OC,drug_embeddings_by_freq\drug_images\DB00457.png
DB00458,Imipramine,CN(C)CCCN1c2ccccc2CCc2ccccc21,drug_embeddings_by_freq\drug_images\DB00458.png
DB00459,Acitretin,COc1cc(C)c(/C=C/C(C)=C/C=C/C(C)=C/C(=O)O)c(C)c1C,drug_embeddings_by_freq\drug_images\DB00459.png
DB00461,Nabumetone,COc1ccc2cc(CCC(C)=O)ccc2c1,drug_embeddings_by_freq\drug_images\DB00461.png
DB00465,Ketorolac,O=C(c1ccccc1)c1ccc2n1CCC2C(=O)O,drug_embeddings_by_freq\drug_images\DB00465.png
DB00471,Montelukast,CC(C)(O)c1ccccc1CC[C@@H](SCC1(CC(=O)O)CC1)c1cccc(/C=C/c2ccc3ccc(Cl)cc3n2)c1,drug_embeddings_by_freq\drug_images\DB00471.png
DB00472,Fluoxetine,CNCCC(Oc1ccc(C(F)(F)F)cc1)c1ccccc1,drug_embeddings_by_freq\drug_images\DB00472.png
DB00476,Duloxetine,CNCC[C@H](Oc1cccc2ccccc12)c1cccs1,drug_embeddings_by_freq\drug_images\DB00476.png
DB00478,Rimantadine,CC(N)C12CC3CC(CC(C3)C1)C2,drug_embeddings_by_freq\drug_images\DB00478.png
DB00480,Lenalidomide,Nc1cccc2c1CN(C1CCC(=O)NC1=O)C2=O,drug_embeddings_by_freq\drug_images\DB00480.png
DB00481,Raloxifene,O=C(c1ccc(OCCN2CCCCC2)cc1)c1c(-c2ccc(O)cc2)sc2cc(O)ccc12,drug_embeddings_by_freq\drug_images\DB00481.png
DB00482,Celecoxib,Cc1ccc(-c2cc(C(F)(F)F)nn2-c2ccc(S(N)(=O)=O)cc2)cc1,drug_embeddings_by_freq\drug_images\DB00482.png
DB00484,Brimonidine,Brc1c(NC2=NCCN2)ccc2nccnc12,drug_embeddings_by_freq\drug_images\DB00484.png
DB00485,Dicloxacillin,Cc1onc(-c2c(Cl)cccc2Cl)c1C(=O)N[C@@H]1C(=O)N2[C@@H]1SC(C)(C)[C@@H]2C(=O)O,drug_embeddings_by_freq\drug_images\DB00485.png
DB00486,Nabilone,CCCCCCC(C)(C)c1cc(O)c2c(c1)OC(C)(C)[C@@H]1CCC(=O)C[C@@H]21,drug_embeddings_by_freq\drug_images\DB00486.png
DB00489,Sotalol,CC(C)NCC(O)c1ccc(NS(C)(=O)=O)cc1,drug_embeddings_by_freq\drug_images\DB00489.png
DB00490,Buspirone,O=C1CC2(CCCC2)CC(=O)N1CCCCN1CCN(c2ncccn2)CC1,drug_embeddings_by_freq\drug_images\DB00490.png
DB00492,Fosinopril,CCC(=O)O[C@@H](OP(=O)(CCCCc1ccccc1)CC(=O)N1C[C@H](C2CCCCC2)C[C@H]1C(=O)O)C(C)C,drug_embeddings_by_freq\drug_images\DB00492.png
DB00494,Entacapone,CCN(CC)C(=O)/C(C#N)=C/c1cc(O)c(O)c([N+](=O)[O-])c1,drug_embeddings_by_freq\drug_images\DB00494.png
DB00495,Zidovudine,Cc1cn([C@H]2C[C@H](N=[N+]=[N-])[C@@H](CO)O2)c(=O)[nH]c1=O,drug_embeddings_by_freq\drug_images\DB00495.png
DB00496,Darifenacin,NC(=O)C(c1ccccc1)(c1ccccc1)[C@@H]1CCN(CCc2ccc3c(c2)CCO3)C1,drug_embeddings_by_freq\drug_images\DB00496.png
DB00497,Oxycodone,COc1ccc2c3c1O[C@H]1C(=O)CC[C@@]4(O)[C@@H](C2)N(C)CC[C@]314,drug_embeddings_by_freq\drug_images\DB00497.png
DB00499,Flutamide,CC(C)C(=O)Nc1ccc([N+](=O)[O-])c(C(F)(F)F)c1,drug_embeddings_by_freq\drug_images\DB00499.png
DB00501,Cimetidine,CN/C(=N/C#N)NCCSCc1nc[nH]c1C,drug_embeddings_by_freq\drug_images\DB00501.png
DB00502,Haloperidol,O=C(CCCN1CCC(O)(c2ccc(Cl)cc2)CC1)c1ccc(F)cc1,drug_embeddings_by_freq\drug_images\DB00502.png
DB00503,Ritonavir,CC(C)c1nc(CN(C)C(=O)N[C@H](C(=O)N[C@@H](Cc2ccccc2)C[C@H](O)[C@H](Cc2ccccc2)NC(=O)OCc2cncs2)C(C)C)cs1,drug_embeddings_by_freq\drug_images\DB00503.png
DB00507,Nitazoxanide,CC(=O)Oc1ccccc1C(=O)Nc1ncc([N+](=O)[O-])s1,drug_embeddings_by_freq\drug_images\DB00507.png
DB00512,Vancomycin,CN[C@H](CC(C)C)C(=O)N[C@H]1C(=O)N[C@@H](CC(N)=O)C(=O)N[C@H]2C(=O)N[C@H]3C(=O)N[C@H](C(=O)N[C@H](C(=O)O)c4cc(O)cc(O)c4-c4cc3ccc4O)[C@H](O)c3ccc(c(Cl)c3)Oc3cc2cc(c3O[C@@H]2O[C@H](CO)[C@@H](O)[C@H](O)[C@H]2O[C@H]2C[C@](C)(N)[C@H](O)[C@H](C)O2)Oc2ccc(cc2Cl)[C@H]1O,drug_embeddings_by_freq\drug_images\DB00512.png
DB00514,Dextromethorphan,COc1ccc2c(c1)[C@]13CCCC[C@@H]1[C@H](C2)N(C)CC3,drug_embeddings_by_freq\drug_images\DB00514.png
DB00518,Albendazole,CCCSc1ccc2nc(NC(=O)OC)[nH]c2c1,drug_embeddings_by_freq\drug_images\DB00518.png
DB00519,Trandolapril,CCOC(=O)[C@H](CCc1ccccc1)N[C@@H](C)C(=O)N1[C@H](C(=O)O)C[C@H]2CCCC[C@@H]21,drug_embeddings_by_freq\drug_images\DB00519.png
DB00520,Caspofungin,CC[C@H](C)C[C@H](C)CCCCCCCCC(=O)N[C@H]1C[C@@H](O)[C@@H](NCCN)NC(=O)[C@@H]2[C@@H](O)CCN2C(=O)[C@H]([C@H](O)CCN)NC(=O)[C@H]([C@H](O)[C@@H](O)c2ccc(O)cc2)NC(=O)[C@@H]2C[C@@H](O)CN2C(=O)[C@H]([C@@H](C)O)NC1=O,drug_embeddings_by_freq\drug_images\DB00520.png
DB00523,Alitretinoin,CC1=C(/C=C/C(C)=C\C=C\C(C)=C\C(=O)O)C(C)(C)CCC1,drug_embeddings_by_freq\drug_images\DB00523.png
DB00524,Metolazone,Cc1ccccc1N1C(=O)c2cc(S(N)(=O)=O)c(Cl)cc2NC1C,drug_embeddings_by_freq\drug_images\DB00524.png
DB00526,Oxaliplatin,O=C1O[Pt]2(<-N[C@@H]3CCCC[C@H]3N->2)OC1=O,drug_embeddings_by_freq\drug_images\DB00526.png
DB00528,Lercanidipine,COC(=O)C1=C(C)NC(C)=C(C(=O)OC(C)(C)CN(C)CCC(c2ccccc2)c2ccccc2)C1c1cccc([N+](=O)[O-])c1,drug_embeddings_by_freq\drug_images\DB00528.png
DB00529,Foscarnet,O=C(O)P(=O)(O)O,drug_embeddings_by_freq\drug_images\DB00529.png
DB00530,Erlotinib,C#Cc1cccc(Nc2ncnc3cc(OCCOC)c(OCCOC)cc23)c1,drug_embeddings_by_freq\drug_images\DB00530.png
DB00531,Cyclophosphamide,O=P1(N(CCCl)CCCl)NCCCO1,drug_embeddings_by_freq\drug_images\DB00531.png
DB00533,Rofecoxib,CS(=O)(=O)c1ccc(C2=C(c3ccccc3)C(=O)OC2)cc1,drug_embeddings_by_freq\drug_images\DB00533.png
DB00537,Ciprofloxacin,O=C(O)c1cn(C2CC2)c2cc(N3CCNCC3)c(F)cc2c1=O,drug_embeddings_by_freq\drug_images\DB00537.png
DB00538,Gadoversetamide,COCCNC(=O)CN(CCN(CCN(CC(=O)[O-])CC(=O)NCCOC)CC(=O)[O-])CC(=O)[O-].[Gd+3],drug_embeddings_by_freq\drug_images\DB00538.png
DB00539,Toremifene,CN(C)CCOc1ccc(/C(=C(/CCCl)c2ccccc2)c2ccccc2)cc1,drug_embeddings_by_freq\drug_images\DB00539.png
DB00541,Vincristine,CC[C@]1(O)C[C@@H]2C[N@@](CCc3c([nH]c4ccccc34)[C@@](C(=O)OC)(c3cc4c(cc3OC)N(C=O)[C@H]3[C@@](O)(C(=O)OC)[C@H](OC(C)=O)[C@]5(CC)C=CCN6CC[C@]43[C@@H]65)C2)C1,drug_embeddings_by_freq\drug_images\DB00541.png
DB00542,Benazepril,CCOC(=O)[C@H](CCc1ccccc1)N[C@H]1CCc2ccccc2N(CC(=O)O)C1=O,drug_embeddings_by_freq\drug_images\DB00542.png
DB00544,Fluorouracil,O=c1[nH]cc(F)c(=O)[nH]1,drug_embeddings_by_freq\drug_images\DB00544.png
DB00545,Pyridostigmine,CN(C)C(=O)Oc1ccc[n+](C)c1,drug_embeddings_by_freq\drug_images\DB00545.png
DB00549,Zafirlukast,COc1cc(C(=O)NS(=O)(=O)c2ccccc2C)ccc1Cc1cn(C)c2ccc(NC(=O)OC3CCCC3)cc12,drug_embeddings_by_freq\drug_images\DB00549.png
DB00552,Pentostatin,OC[C@H]1O[C@@H](n2cnc3c2N=CNC[C@H]3O)C[C@@H]1O,drug_embeddings_by_freq\drug_images\DB00552.png
DB00554,Piroxicam,CN1C(C(=O)Nc2ccccn2)=C(O)c2ccccc2S1(=O)=O,drug_embeddings_by_freq\drug_images\DB00554.png
DB00555,Lamotrigine,Nc1nnc(-c2cccc(Cl)c2Cl)c(N)n1,drug_embeddings_by_freq\drug_images\DB00555.png
DB00558,Zanamivir,CC(=O)N[C@H]1[C@H]([C@H](O)[C@H](O)CO)OC(C(=O)O)=C[C@@H]1N=C(N)N,drug_embeddings_by_freq\drug_images\DB00558.png
DB00559,Bosentan,COc1ccccc1Oc1c(NS(=O)(=O)c2ccc(C(C)(C)C)cc2)nc(-c2ncccn2)nc1OCCO,drug_embeddings_by_freq\drug_images\DB00559.png
DB00560,Tigecycline,CN(C)c1cc(NC(=O)CNC(C)(C)C)c(O)c2c1C[C@H]1C[C@H]3[C@H](N(C)C)C(O)=C(C(N)=O)C(=O)[C@@]3(O)C(O)=C1C2=O,drug_embeddings_by_freq\drug_images\DB00560.png
DB00563,Methotrexate,CN(Cc1cnc2nc(N)nc(N)c2n1)c1ccc(C(=O)N[C@@H](CCC(=O)O)C(=O)O)cc1,drug_embeddings_by_freq\drug_images\DB00563.png
DB00564,Carbamazepine,NC(=O)N1c2ccccc2C=Cc2ccccc21,drug_embeddings_by_freq\drug_images\DB00564.png
DB00565,Cisatracurium,COc1ccc(C[C@@H]2c3cc(OC)c(OC)cc3CC[N@+]2(C)CCC(=O)OCCCCCOC(=O)CC[N@@+]2(C)CCc3cc(OC)c(OC)cc3[C@H]2Cc2ccc(OC)c(OC)c2)cc1OC,drug_embeddings_by_freq\drug_images\DB00565.png
DB00569,Fondaparinux,CO[C@H]1O[C@H](COS(=O)(=O)O)[C@@H](O[C@@H]2O[C@@H](C(=O)O)[C@@H](O[C@H]3O[C@H](COS(=O)(=O)O)[C@@H](O[C@@H]4O[C@H](C(=O)O)[C@@H](O[C@H]5O[C@H](COS(=O)(=O)O)[C@@H](O)[C@H](O)[C@H]5NS(=O)(=O)O)[C@H](O)[C@H]4O)[C@H](OS(=O)(=O)O)[C@H]3NS(=O)(=O)O)[C@H](O)[C@H]2OS(=O)(=O)O)[C@H](O)[C@H]1NS(=O)(=O)O,drug_embeddings_by_freq\drug_images\DB00569.png
DB00571,Propranolol,CC(C)NCC(O)COc1cccc2ccccc12,drug_embeddings_by_freq\drug_images\DB00571.png
DB00575,Clonidine,Clc1cccc(Cl)c1NC1=NCCN1,drug_embeddings_by_freq\drug_images\DB00575.png
DB00577,Valaciclovir,CC(C)[C@H](N)C(=O)OCCOCn1cnc2c(=O)nc(N)[nH]c21,drug_embeddings_by_freq\drug_images\DB00577.png
DB00580,Valdecoxib,Cc1onc(-c2ccccc2)c1-c1ccc(S(N)(=O)=O)cc1,drug_embeddings_by_freq\drug_images\DB00580.png
DB00582,Voriconazole,C[C@@H](c1ncncc1F)[C@](O)(Cn1cncn1)c1ccc(F)cc1F,drug_embeddings_by_freq\drug_images\DB00582.png
DB00583,Levocarnitine,C[N+](C)(C)C[C@H](O)CC(=O)[O-],drug_embeddings_by_freq\drug_images\DB00583.png
DB00584,Enalapril,CCOC(=O)[C@H](CCc1ccccc1)N[C@@H](C)C(=O)N1CCC[C@H]1C(=O)O,drug_embeddings_by_freq\drug_images\DB00584.png
DB00585,Nizatidine,CNC(=C[N+](=O)[O-])NCCSCc1csc(CN(C)C)n1,drug_embeddings_by_freq\drug_images\DB00585.png
DB00586,Diclofenac,O=C(O)Cc1ccccc1Nc1c(Cl)cccc1Cl,drug_embeddings_by_freq\drug_images\DB00586.png
DB00590,Doxazosin,COc1cc2nc(N3CCN(C(=O)C4COc5ccccc5O4)CC3)nc(N)c2cc1OC,drug_embeddings_by_freq\drug_images\DB00590.png
DB00594,Amiloride,N=C(N)NC(=O)c1nc(Cl)c(N)nc1N,drug_embeddings_by_freq\drug_images\DB00594.png
DB00597,Gadoteridol,CC(O)CN1CCN(CC(=O)[O-])CCN(CC(=O)[O-])CCN(CC(=O)[O-])CC1.[Gd+3],drug_embeddings_by_freq\drug_images\DB00597.png
DB00598,Labetalol,CC(CCc1ccccc1)NCC(O)c1ccc(O)c(C(N)=O)c1,drug_embeddings_by_freq\drug_images\DB00598.png
DB00601,Linezolid,CC(=O)NC[C@H]1CN(c2ccc(N3CCOCC3)c(F)c2)C(=O)O1,drug_embeddings_by_freq\drug_images\DB00601.png
DB00602,Ivermectin,CC[C@H](C)[C@H]1O[C@]2(CC[C@@H]1C)C[C@@H]1C[C@@H](C/C=C(\C)[C@@H](O[C@H]3C[C@H](OC)[C@@H](O[C@H]4C[C@H](OC)[C@@H](O)[C@H](C)O4)[C@H](C)O3)[C@@H](C)/C=C/C=C3\CO[C@@H]4[C@H](O)C(C)=C[C@@H](C(=O)O1)[C@]34O)O2.CO[C@H]1C[C@H](O[C@H]2[C@H](C)O[C@@H](O[C@@H]3/C(C)=C/C[C@@H]4C[C@@H](C[C@]5(CC[C@H](C)[C@@H](C(C)C)O5)O4)OC(=O)[C@@H]4C=C(C)[C@@H](O)[C@H]5OC/C(=C\C=C\[C@@H]3C)[C@]54O)C[C@@H]2OC)O[C@@H](C)[C@@H]1O,drug_embeddings_by_freq\drug_images\DB00602.png
DB00611,Butorphanol,Oc1ccc2c(c1)[C@@]13CCCC[C@@]1(O)[C@@H](C2)N(CC1CCC1)CC3,drug_embeddings_by_freq\drug_images\DB00611.png
DB00612,Bisoprolol,CC(C)NCC(O)COc1ccc(COCCOC(C)C)cc1,drug_embeddings_by_freq\drug_images\DB00612.png
DB00615,Rifabutin,CO[C@H]1/C=C/O[C@@]2(C)Oc3c(C)c(O)c4c(c3C2=O)C2=NC3(CCN(CC(C)C)CC3)NC2=C(NC(=O)/C(C)=C\C=C\[C@H](C)[C@H](O)[C@@H](C)[C@@H](O)[C@@H](C)[C@H](OC(C)=O)[C@@H]1C)C4=O,drug_embeddings_by_freq\drug_images\DB00615.png
DB00619,Imatinib,Cc1ccc(NC(=O)c2ccc(CN3CCN(C)CC3)cc2)cc1Nc1nccc(-c2cccnc2)n1,drug_embeddings_by_freq\drug_images\DB00619.png
DB00620,Triamcinolone,C[C@]12C=CC(=O)C=C1CC[C@H]1[C@@H]3C[C@@H](O)[C@](O)(C(=O)CO)[C@@]3(C)C[C@H](O)[C@@]12F,drug_embeddings_by_freq\drug_images\DB00620.png
DB00624,Testosterone,C[C@]12CC[C@H]3[C@@H](CCC4=CC(=O)CC[C@@]43C)[C@@H]1CC[C@@H]2O,drug_embeddings_by_freq\drug_images\DB00624.png
DB00625,Efavirenz,O=C1Nc2ccc(Cl)cc2[C@@](C#CC2CC2)(C(F)(F)F)O1,drug_embeddings_by_freq\drug_images\DB00625.png
DB00631,Clofarabine,Nc1nc(Cl)nc2c1ncn2[C@@H]1O[C@H](CO)[C@@H](O)[C@@H]1F,drug_embeddings_by_freq\drug_images\DB00631.png
DB00633,Dexmedetomidine,Cc1cccc([C@H](C)c2c[nH]cn2)c1C,drug_embeddings_by_freq\drug_images\DB00633.png
DB00640,Adenosine,Nc1ncnc2c1ncn2[C@@H]1O[C@H](CO)[C@@H](O)[C@H]1O,drug_embeddings_by_freq\drug_images\DB00640.png
DB00641,Simvastatin,CCC(C)(C)C(=O)O[C@H]1C[C@@H](C)C=C2C=C[C@H](C)[C@H](CC[C@@H]3C[C@@H](O)CC(=O)O3)[C@H]21,drug_embeddings_by_freq\drug_images\DB00641.png
DB00642,Pemetrexed,Nc1nc(=O)c2c(CCc3ccc(C(=O)N[C@@H](CCC(=O)O)C(=O)O)cc3)c[nH]c2[nH]1,drug_embeddings_by_freq\drug_images\DB00642.png
DB00649,Stavudine,Cc1cn([C@H]2C=C[C@@H](CO)O2)c(=O)[nH]c1=O,drug_embeddings_by_freq\drug_images\DB00649.png
DB00654,Latanoprost,CC(C)OC(=O)CCC/C=C\C[C@@H]1[C@@H](CC[C@@H](O)CCc2ccccc2)[C@H](O)C[C@@H]1O,drug_embeddings_by_freq\drug_images\DB00654.png
DB00655,Estrone,C[C@]12CC[C@@H]3c4ccc(O)cc4CC[C@H]3[C@@H]1CCC2=O,drug_embeddings_by_freq\drug_images\DB00655.png
DB00656,Trazodone,O=c1n(CCCN2CCN(c3cccc(Cl)c3)CC2)nc2ccccn12,drug_embeddings_by_freq\drug_images\DB00656.png
DB00658,Sevelamer,C=CCN.ClCC1CO1,drug_embeddings_by_freq\drug_images\DB00658.png
DB00659,Acamprosate,CC(=O)NCCCS(=O)(=O)O,drug_embeddings_by_freq\drug_images\DB00659.png
DB00661,Verapamil,COc1ccc(CCN(C)CCCC(C#N)(c2ccc(OC)c(OC)c2)C(C)C)cc1OC,drug_embeddings_by_freq\drug_images\DB00661.png
DB00665,Nilutamide,CC1(C)NC(=O)N(c2ccc([N+](=O)[O-])c(C(F)(F)F)c2)C1=O,drug_embeddings_by_freq\drug_images\DB00665.png
DB00666,Nafarelin,CC(C)C[C@H](NC(=O)[C@@H](Cc1ccc2ccccc2c1)NC(=O)[C@H](Cc1ccc(O)cc1)NC(=O)[C@H](CO)NC(=O)[C@H](Cc1c[nH]c2ccccc12)NC(=O)[C@H](Cc1c[nH]cn1)NC(=O)[C@@H]1CCC(=O)N1)C(=O)N[C@@H](CCCNC(=N)N)C(=O)N1CCC[C@H]1C(=O)NCC(N)=O,drug_embeddings_by_freq\drug_images\DB00666.png
DB00669,Sumatriptan,CNS(=O)(=O)Cc1ccc2[nH]cc(CCN(C)C)c2c1,drug_embeddings_by_freq\drug_images\DB00669.png
DB00671,Cefixime,C=CC1=C(C(=O)O)N2C(=O)[C@@H](NC(=O)/C(=N\OCC(=O)O)c3csc(N)n3)[C@H]2SC1,drug_embeddings_by_freq\drug_images\DB00671.png
DB00673,Aprepitant,C[C@@H](O[C@H]1OCCN(Cc2n[nH]c(=O)[nH]2)[C@H]1c1ccc(F)cc1)c1cc(C(F)(F)F)cc(C(F)(F)F)c1,drug_embeddings_by_freq\drug_images\DB00673.png
DB00674,Galantamine,COc1ccc2c3c1O[C@H]1C[C@@H](O)C=C[C@@]31CCN(C)C2,drug_embeddings_by_freq\drug_images\DB00674.png
DB00675,Tamoxifen,CC/C(=C(\c1ccccc1)c1ccc(OCCN(C)C)cc1)c1ccccc1,drug_embeddings_by_freq\drug_images\DB00675.png
DB00678,Losartan,CCCCc1nc(Cl)c(CO)n1Cc1ccc(-c2ccccc2-c2nn[nH]n2)cc1,drug_embeddings_by_freq\drug_images\DB00678.png
DB00683,Midazolam,Cc1ncc2n1-c1ccc(Cl)cc1C(c1ccccc1F)=NC2,drug_embeddings_by_freq\drug_images\DB00683.png
DB00684,Tobramycin,NC[C@H]1O[C@H](O[C@H]2[C@H](O)[C@@H](O[C@H]3O[C@H](CO)[C@@H](O)[C@H](N)[C@H]3O)[C@H](N)C[C@@H]2N)[C@H](N)C[C@@H]1O,drug_embeddings_by_freq\drug_images\DB00684.png
DB00685,Trovafloxacin,N[C@@H]1[C@H]2CN(c3nc4c(cc3F)c(=O)c(C(=O)O)cn4-c3ccc(F)cc3F)C[C@@H]12,drug_embeddings_by_freq\drug_images\DB00685.png
DB00691,Moexipril,CCOC(=O)[C@H](CCc1ccccc1)N[C@@H](C)C(=O)N1Cc2cc(OC)c(OC)cc2C[C@H]1C(=O)O,drug_embeddings_by_freq\drug_images\DB00691.png
DB00692,Phentolamine,Cc1ccc(N(CC2=NCCN2)c2cccc(O)c2)cc1,drug_embeddings_by_freq\drug_images\DB00692.png
DB00693,Fluorescein,O=C1OC2(c3ccc(O)cc3Oc3cc(O)ccc32)c2ccccc21,drug_embeddings_by_freq\drug_images\DB00693.png
DB00694,Daunorubicin,COc1cccc2c1C(=O)c1c(O)c3c(c(O)c1C2=O)C[C@@](O)(C(C)=O)C[C@@H]3O[C@H]1C[C@H](N)[C@H](O)[C@H](C)O1,drug_embeddings_by_freq\drug_images\DB00694.png
DB00695,Furosemide,NS(=O)(=O)c1cc(C(=O)O)c(NCc2ccco2)cc1Cl,drug_embeddings_by_freq\drug_images\DB00695.png
DB00697,Tizanidine,Clc1ccc2nsnc2c1NC1=NCCN1,drug_embeddings_by_freq\drug_images\DB00697.png
DB00700,Eplerenone,COC(=O)[C@@H]1CC2=CC(=O)CC[C@]2(C)[C@@]23O[C@@H]2C[C@@]2(C)[C@@H](CC[C@@]24CCC(=O)O4)[C@H]13,drug_embeddings_by_freq\drug_images\DB00700.png
DB00701,Amprenavir,CC(C)CN(C[C@@H](O)[C@H](Cc1ccccc1)NC(=O)O[C@H]1CCOC1)S(=O)(=O)c1ccc(N)cc1,drug_embeddings_by_freq\drug_images\DB00701.png
DB00704,Naltrexone,O=C1CC[C@@]2(O)[C@H]3Cc4ccc(O)c5c4[C@@]2(CCN3CC2CC2)[C@H]1O5,drug_embeddings_by_freq\drug_images\DB00704.png
DB00705,Delavirdine,CC(C)Nc1cccnc1N1CCN(C(=O)c2cc3cc(NS(C)(=O)=O)ccc3[nH]2)CC1,drug_embeddings_by_freq\drug_images\DB00705.png
DB00706,Tamsulosin,CCOc1ccccc1OCCN[C@H](C)Cc1ccc(OC)c(S(N)(=O)=O)c1,drug_embeddings_by_freq\drug_images\DB00706.png
DB00708,Sufentanil,CCC(=O)N(c1ccccc1)C1(COC)CCN(CCc2cccs2)CC1,drug_embeddings_by_freq\drug_images\DB00708.png
DB00709,Lamivudine,Nc1ccn([C@@H]2CS[C@H](CO)O2)c(=O)n1,drug_embeddings_by_freq\drug_images\DB00709.png
DB00714,Apomorphine,CN1CCc2cccc3c2[C@H]1Cc1ccc(O)c(O)c1-3,drug_embeddings_by_freq\drug_images\DB00714.png
DB00715,Paroxetine,Fc1ccc([C@@H]2CCNC[C@H]2COc2ccc3c(c2)OCO3)cc1,drug_embeddings_by_freq\drug_images\DB00715.png
DB00722,Lisinopril,NCCCC[C@H](N[C@@H](CCc1ccccc1)C(=O)O)C(=O)N1CCC[C@H]1C(=O)O,drug_embeddings_by_freq\drug_images\DB00722.png
DB00724,Imiquimod,CC(C)Cn1cnc2c(N)nc3ccccc3c21,drug_embeddings_by_freq\drug_images\DB00724.png
DB00731,Nateglinide,CC(C)[C@H]1CC[C@H](C(=O)N[C@H](Cc2ccccc2)C(=O)O)CC1,drug_embeddings_by_freq\drug_images\DB00731.png
DB00734,Risperidone,Cc1nc2n(c(=O)c1CCN1CCC(c3noc4cc(F)ccc34)CC1)CCCC2,drug_embeddings_by_freq\drug_images\DB00734.png
DB00735,Naftifine,CN(CC=Cc1ccccc1)Cc1cccc2ccccc12,drug_embeddings_by_freq\drug_images\DB00735.png
DB00736,Esomeprazole,COc1ccc2[nH]c([S@@](=O)Cc3ncc(C)c(OC)c3C)nc2c1,drug_embeddings_by_freq\drug_images\DB00736.png
DB00740,Riluzole,Nc1nc2ccc(OC(F)(F)F)cc2s1,drug_embeddings_by_freq\drug_images\DB00740.png
DB00741,Hydrocortisone,C[C@]12CCC(=O)C=C1CC[C@@H]1[C@@H]2[C@@H](O)C[C@@]2(C)[C@H]1CC[C@]2(O)C(=O)CO,drug_embeddings_by_freq\drug_images\DB00741.png
DB00742,Mannitol,OC[C@@H](O)[C@@H](O)[C@H](O)[C@H](O)CO,drug_embeddings_by_freq\drug_images\DB00742.png
DB00745,Modafinil,NC(=O)CS(=O)C(c1ccccc1)c1ccccc1,drug_embeddings_by_freq\drug_images\DB00745.png
DB00746,Deferoxamine,CC(=O)N(O)CCCCCNC(=O)CCC(=O)N(O)CCCCCNC(=O)CCC(=O)N(O)CCCCCN,drug_embeddings_by_freq\drug_images\DB00746.png
DB00755,Tretinoin,CC1=C(/C=C/C(C)=C/C=C/C(C)=C/C(=O)O)C(C)(C)CCC1,drug_embeddings_by_freq\drug_images\DB00755.png
DB00757,Dolasetron,O=C(O[C@@H]1C[C@@H]2C[C@H]3C[C@H](C1)N2CC3=O)c1c[nH]c2ccccc12,drug_embeddings_by_freq\drug_images\DB00757.png
DB00758,Clopidogrel,COC(=O)[C@H](c1ccccc1Cl)N1CCc2sccc2C1,drug_embeddings_by_freq\drug_images\DB00758.png
DB00760,Meropenem,C[C@@H](O)[C@H]1C(=O)N2C(C(=O)O)=C(S[C@@H]3CN[C@H](C(=O)N(C)C)C3)[C@H](C)[C@H]12,drug_embeddings_by_freq\drug_images\DB00760.png
DB00762,Irinotecan,CCc1c2c(nc3ccc(OC(=O)N4CCC(N5CCCCC5)CC4)cc13)-c1cc3c(c(=O)n1C2)COC(=O)[C@]3(O)CC,drug_embeddings_by_freq\drug_images\DB00762.png
DB00764,Mometasone,C[C@@H]1C[C@H]2[C@@H]3CCC4=CC(=O)C=C[C@]4(C)[C@@]3(Cl)[C@@H](O)C[C@]2(C)[C@@]1(O)C(=O)CCl,drug_embeddings_by_freq\drug_images\DB00764.png
DB00768,Olopatadine,CN(C)CC/C=C1/c2ccccc2COc2ccc(CC(=O)O)cc21,drug_embeddings_by_freq\drug_images\DB00768.png
DB00770,Alprostadil,CCCCC[C@H](O)/C=C/[C@H]1[C@H](O)CC(=O)[C@@H]1CCCCCCC(=O)O,drug_embeddings_by_freq\drug_images\DB00770.png
DB00773,Etoposide,COc1cc([C@@H]2c3cc4c(cc3[C@@H](O[C@@H]3O[C@@H]5CO[C@@H](C)O[C@H]5[C@H](O)[C@H]3O)[C@H]3COC(=O)[C@H]23)OCO4)cc(OC)c1O,drug_embeddings_by_freq\drug_images\DB00773.png
DB00775,Tirofiban,CCCCS(=O)(=O)N[C@@H](Cc1ccc(OCCCCC2CCNCC2)cc1)C(=O)O,drug_embeddings_by_freq\drug_images\DB00775.png
DB00776,Oxcarbazepine,NC(=O)N1c2ccccc2CC(=O)c2ccccc21,drug_embeddings_by_freq\drug_images\DB00776.png
DB00783,Estradiol,C[C@]12CC[C@@H]3c4ccc(O)cc4CC[C@H]3[C@@H]1CC[C@@H]2O,drug_embeddings_by_freq\drug_images\DB00783.png
DB00788,Naproxen,COc1ccc2cc([C@H](C)C(=O)O)ccc2c1,drug_embeddings_by_freq\drug_images\DB00788.png
DB00790,Perindopril,CCC[C@H](N[C@@H](C)C(=O)N1[C@H](C(=O)O)C[C@@H]2CCCC[C@@H]21)C(=O)OCC,drug_embeddings_by_freq\drug_images\DB00790.png
DB00795,Sulfasalazine,O=C(O)c1cc(/N=N/c2ccc(S(=O)(=O)Nc3ccccn3)cc2)ccc1O,drug_embeddings_by_freq\drug_images\DB00795.png
DB00799,Tazarotene,CCOC(=O)c1ccc(C#Cc2ccc3c(c2)C(C)(C)CCS3)nc1,drug_embeddings_by_freq\drug_images\DB00799.png
DB00802,Alfentanil,CCC(=O)N(c1ccccc1)C1(COC)CCN(CCn2nnn(CC)c2=O)CC1,drug_embeddings_by_freq\drug_images\DB00802.png
DB00806,Pentoxifylline,CC(=O)CCCCn1c(=O)c2c(ncn2C)n(C)c1=O,drug_embeddings_by_freq\drug_images\DB00806.png
DB00808,Indapamide,CC1Cc2ccccc2N1NC(=O)c1ccc(Cl)c(S(N)(=O)=O)c1,drug_embeddings_by_freq\drug_images\DB00808.png
DB00811,Ribavirin,NC(=O)c1ncn([C@@H]2O[C@H](CO)[C@@H](O)[C@H]2O)n1,drug_embeddings_by_freq\drug_images\DB00811.png
DB00813,Fentanyl,CCC(=O)N(c1ccccc1)C1CCN(CCc2ccccc2)CC1,drug_embeddings_by_freq\drug_images\DB00813.png
DB00814,Meloxicam,Cc1cnc(NC(=O)C2=C(O)c3ccccc3S(=O)(=O)N2C)s1,drug_embeddings_by_freq\drug_images\DB00814.png
DB00816,Orciprenaline,CC(C)NCC(O)c1cc(O)cc(O)c1,drug_embeddings_by_freq\drug_images\DB00816.png
DB00820,Tadalafil,CN1CC(=O)N2[C@H](c3ccc4c(c3)OCO4)c3[nH]c4ccccc4c3C[C@@H]2C1=O,drug_embeddings_by_freq\drug_images\DB00820.png
DB00828,Fosfomycin,C[C@@H]1O[C@@H]1P(=O)(O)O,drug_embeddings_by_freq\drug_images\DB00828.png
DB00829,Diazepam,CN1C(=O)CN=C(c2ccccc2)c2cc(Cl)ccc21,drug_embeddings_by_freq\drug_images\DB00829.png
DB00833,Cefaclor,N[C@@H](C(=O)N[C@@H]1C(=O)N2C(C(=O)O)=C(Cl)CS[C@H]12)c1ccccc1,drug_embeddings_by_freq\drug_images\DB00833.png
DB00834,Mifepristone,CC#C[C@]1(O)CC[C@H]2[C@@H]3CCC4=CC(=O)CCC4=C3[C@@H](c3ccc(N(C)C)cc3)C[C@@]21C,drug_embeddings_by_freq\drug_images\DB00834.png
DB00843,Donepezil,COc1cc2c(cc1OC)C(=O)C(CC1CCN(Cc3ccccc3)CC1)C2,drug_embeddings_by_freq\drug_images\DB00843.png
DB00851,Dacarbazine,CN(C)/N=N/c1[nH]cnc1C(N)=O,drug_embeddings_by_freq\drug_images\DB00851.png
DB00853,Temozolomide,Cn1nnc2c(C(N)=O)ncn2c1=O,drug_embeddings_by_freq\drug_images\DB00853.png
DB00857,Terbinafine,CN(C/C=C/C#CC(C)(C)C)Cc1cccc2ccccc12,drug_embeddings_by_freq\drug_images\DB00857.png
DB00859,Penicillamine,CC(C)(S)[C@@H](N)C(=O)O,drug_embeddings_by_freq\drug_images\DB00859.png
DB00862,Vardenafil,CCCc1nc(C)c2c(=O)nc(-c3cc(S(=O)(=O)N4CCN(CC)CC4)ccc3OCC)[nH]n12,drug_embeddings_by_freq\drug_images\DB00862.png
DB00864,Tacrolimus,C=CC[C@@H]1/C=C(\C)C[C@H](C)C[C@H](OC)[C@H]2O[C@@](O)(C(=O)C(=O)N3CCCC[C@H]3C(=O)O[C@H](/C(C)=C/[C@@H]3CC[C@@H](O)[C@H](OC)C3)[C@H](C)[C@@H](O)CC1=O)[C@H](C)C[C@@H]2OC,drug_embeddings_by_freq\drug_images\DB00864.png
DB00871,Terbutaline,CC(C)(C)NCC(O)c1cc(O)cc(O)c1,drug_embeddings_by_freq\drug_images\DB00871.png
DB00872,Conivaptan,Cc1nc2c([nH]1)CCN(C(=O)c1ccc(NC(=O)c3ccccc3-c3ccccc3)cc1)c1ccccc1-2,drug_embeddings_by_freq\drug_images\DB00872.png
DB00876,Eprosartan,CCCCc1ncc(/C=C(\Cc2cccs2)C(=O)O)n1Cc1ccc(C(=O)O)cc1,drug_embeddings_by_freq\drug_images\DB00876.png
DB00877,Sirolimus,CO[C@H]1C[C@@H]2CC[C@@H](C)[C@@](O)(O2)C(=O)C(=O)N2CCCC[C@H]2C(=O)O[C@H]([C@H](C)C[C@@H]2CC[C@@H](O)[C@H](OC)C2)CC(=O)[C@H](C)/C=C(\C)[C@@H](O)[C@@H](OC)C(=O)[C@H](C)C[C@H](C)/C=C/C=C/C=C/1C,drug_embeddings_by_freq\drug_images\DB00877.png
DB00879,Emtricitabine,Nc1nc(=O)n([C@@H]2CS[C@H](CO)O2)cc1F,drug_embeddings_by_freq\drug_images\DB00879.png
DB00881,Quinapril,CCOC(=O)[C@H](CCc1ccccc1)N[C@@H](C)C(=O)N1Cc2ccccc2C[C@H]1C(=O)O,drug_embeddings_by_freq\drug_images\DB00881.png
DB00882,Clomifene,CCN(CC)CCOc1ccc(C(=C(Cl)c2ccccc2)c2ccccc2)cc1,drug_embeddings_by_freq\drug_images\DB00882.png
DB00887,Bumetanide,CCCCNc1cc(C(=O)O)cc(S(N)(=O)=O)c1Oc1ccccc1,drug_embeddings_by_freq\drug_images\DB00887.png
DB00889,Granisetron,CN1[C@@H]2CCC[C@H]1C[C@@H](NC(=O)c1nn(C)c3ccccc13)C2,drug_embeddings_by_freq\drug_images\DB00889.png
DB00897,Triazolam,Cc1nnc2n1-c1ccc(Cl)cc1C(c1ccccc1Cl)=NC2,drug_embeddings_by_freq\drug_images\DB00897.png
DB00899,Remifentanil,CCC(=O)N(c1ccccc1)C1(C(=O)OC)CCN(CCC(=O)OC)CC1,drug_embeddings_by_freq\drug_images\DB00899.png
DB00900,Didanosine,O=c1nc[nH]c2c1ncn2[C@H]1CC[C@@H](CO)O1,drug_embeddings_by_freq\drug_images\DB00900.png
DB00904,Ondansetron,Cc1nccn1CC1CCc2c(c3ccccc3n2C)C1=O,drug_embeddings_by_freq\drug_images\DB00904.png
DB00905,Bimatoprost,CCNC(=O)CCC/C=C\C[C@@H]1[C@@H](/C=C/[C@@H](O)CCc2ccccc2)[C@H](O)C[C@@H]1O,drug_embeddings_by_freq\drug_images\DB00905.png
DB00906,Tiagabine,Cc1ccsc1C(=CCCN1CCC[C@@H](C(=O)O)C1)c1sccc1C,drug_embeddings_by_freq\drug_images\DB00906.png
DB00908,Quinidine,C=C[C@H]1CN2CC[C@H]1C[C@@H]2[C@@H](O)c1ccnc2ccc(OC)cc12,drug_embeddings_by_freq\drug_images\DB00908.png
DB00909,Zonisamide,NS(=O)(=O)Cc1noc2ccccc12,drug_embeddings_by_freq\drug_images\DB00909.png
DB00910,Paricalcitol,C[C@H](/C=C/[C@H](C)C(C)(C)O)[C@H]1CC[C@H]2/C(=C/C=C3C[C@@H](O)C[C@H](O)C3)CCC[C@]12C,drug_embeddings_by_freq\drug_images\DB00910.png
DB00911,Tinidazole,CCS(=O)(=O)CCn1c([N+](=O)[O-])cnc1C,drug_embeddings_by_freq\drug_images\DB00911.png
DB00912,Repaglinide,CCOc1cc(CC(=O)N[C@@H](CC(C)C)c2ccccc2N2CCCCC2)ccc1C(=O)O,drug_embeddings_by_freq\drug_images\DB00912.png
DB00915,Amantadine,NC12CC3CC(CC(C3)C1)C2,drug_embeddings_by_freq\drug_images\DB00915.png
DB00916,Metronidazole,Cc1ncc([N+](=O)[O-])n1CCO,drug_embeddings_by_freq\drug_images\DB00916.png
DB00918,Almotriptan,CN(C)CCc1c[nH]c2ccc(CS(=O)(=O)N3CCCC3)cc12,drug_embeddings_by_freq\drug_images\DB00918.png
DB00921,Buprenorphine,CO[C@]12CC[C@@]3(C[C@@H]1[C@](C)(O)C(C)(C)C)[C@H]1Cc4ccc(O)c5c4[C@@]3(CCN1CC1CC1)[C@H]2O5,drug_embeddings_by_freq\drug_images\DB00921.png
DB00922,Levosimendan,C[C@@H]1CC(=O)NN=C1c1ccc(NN=C(C#N)C#N)cc1,drug_embeddings_by_freq\drug_images\DB00922.png
DB00924,Cyclobenzaprine,CN(C)CCC=C1c2ccccc2C=Cc2ccccc21,drug_embeddings_by_freq\drug_images\DB00924.png
DB00927,Famotidine,NC(N)=Nc1nc(CSCCC(N)=NS(N)(=O)=O)cs1,drug_embeddings_by_freq\drug_images\DB00927.png
DB00928,Azacitidine,Nc1ncn([C@@H]2O[C@H](CO)[C@@H](O)[C@H]2O)c(=O)n1,drug_embeddings_by_freq\drug_images\DB00928.png
DB00929,Misoprostol,CCCCC(C)(O)C/C=C/[C@H]1[C@H](O)CC(=O)[C@@H]1CCCCCCC(=O)OC,drug_embeddings_by_freq\drug_images\DB00929.png
DB00932,Tipranavir,CCC[C@@]1(CCc2ccccc2)CC(O)=C([C@H](CC)c2cccc(NS(=O)(=O)c3ccc(C(F)(F)F)cn3)c2)C(=O)O1,drug_embeddings_by_freq\drug_images\DB00932.png
DB00934,Maprotiline,CNCCCC12CCC(c3ccccc31)c1ccccc12,drug_embeddings_by_freq\drug_images\DB00934.png
DB00938,Salmeterol,OCc1cc(C(O)CNCCCCCCOCCCCc2ccccc2)ccc1O,drug_embeddings_by_freq\drug_images\DB00938.png
DB00947,Fulvestrant,C[C@]12CC[C@@H]3c4ccc(O)cc4C[C@@H](CCCCCCCCCS(=O)CCCC(F)(F)C(F)(F)F)[C@H]3[C@@H]1CC[C@@H]2O,drug_embeddings_by_freq\drug_images\DB00947.png
DB00949,Felbamate,NC(=O)OCC(COC(N)=O)c1ccccc1,drug_embeddings_by_freq\drug_images\DB00949.png
DB00950,Fexofenadine,CC(C)(C(=O)O)c1ccc(C(O)CCCN2CCC(C(O)(c3ccccc3)c3ccccc3)CC2)cc1,drug_embeddings_by_freq\drug_images\DB00950.png
DB00952,Naratriptan,CNS(=O)(=O)CCc1ccc2[nH]cc(C3CCN(C)CC3)c2c1,drug_embeddings_by_freq\drug_images\DB00952.png
DB00953,Rizatriptan,CN(C)CCc1c[nH]c2ccc(Cn3cncn3)cc12,drug_embeddings_by_freq\drug_images\DB00953.png
DB00956,Hydrocodone,COc1ccc2c3c1O[C@H]1C(=O)CC[C@H]4[C@@H](C2)N(C)CC[C@]314,drug_embeddings_by_freq\drug_images\DB00956.png
DB00958,Carboplatin,N->[Pt]1(<-N)OC(=O)C2(CCC2)C(=O)O1,drug_embeddings_by_freq\drug_images\DB00958.png
DB00960,Pindolol,CC(C)NCC(O)COc1cccc2[nH]ccc12,drug_embeddings_by_freq\drug_images\DB00960.png
DB00962,Zaleplon,CCN(C(C)=O)c1cccc(-c2ccnc3c(C#N)cnn23)c1,drug_embeddings_by_freq\drug_images\DB00962.png
DB00964,Apraclonidine,Nc1cc(Cl)c(NC2=NCCN2)c(Cl)c1,drug_embeddings_by_freq\drug_images\DB00964.png
DB00966,Telmisartan,CCCc1nc2c(C)cc(-c3nc4ccccc4n3C)cc2n1Cc1ccc(-c2ccccc2C(=O)O)cc1,drug_embeddings_by_freq\drug_images\DB00966.png
DB00967,Desloratadine,Clc1ccc2c(c1)CCc1cccnc1C2=C1CCNCC1,drug_embeddings_by_freq\drug_images\DB00967.png
DB00969,Alosetron,Cc1[nH]cnc1CN1CCc2c(c3ccccc3n2C)C1=O,drug_embeddings_by_freq\drug_images\DB00969.png
DB00972,Azelastine,CN1CCCC(n2nc(Cc3ccc(Cl)cc3)c3ccccc3c2=O)CC1,drug_embeddings_by_freq\drug_images\DB00972.png
DB00973,Ezetimibe,O=C1[C@H](CC[C@H](O)c2ccc(F)cc2)[C@@H](c2ccc(O)cc2)N1c1ccc(F)cc1,drug_embeddings_by_freq\drug_images\DB00973.png
DB00975,Dipyridamole,OCCN(CCO)c1nc(N2CCCCC2)c2nc(N(CCO)CCO)nc(N3CCCCC3)c2n1,drug_embeddings_by_freq\drug_images\DB00975.png
DB00976,Telithromycin,CC[C@H]1OC(=O)[C@H](C)C(=O)[C@H](C)[C@@H](O[C@@H]2O[C@H](C)C[C@H](N(C)C)[C@H]2O)[C@](C)(OC)C[C@@H](C)C(=O)[C@H](C)[C@H]2N(CCCCn3cnc(-c4cccnc4)c3)C(=O)O[C@]12C,drug_embeddings_by_freq\drug_images\DB00976.png
DB00978,Lomefloxacin,CCn1cc(C(=O)O)c(=O)c2cc(F)c(N3CCNC(C)C3)c(F)c21,drug_embeddings_by_freq\drug_images\DB00978.png
DB00980,Ramelteon,CCC(=O)NCC[C@@H]1CCc2ccc3c(c21)CCO3,drug_embeddings_by_freq\drug_images\DB00980.png
DB00982,Isotretinoin,CC1=C(/C=C/C(C)=C/C=C/C(C)=C\C(=O)O)C(C)(C)CCC1,drug_embeddings_by_freq\drug_images\DB00982.png
DB00983,Formoterol,COc1ccc(CC(C)NCC(O)c2ccc(O)c(NC=O)c2)cc1,drug_embeddings_by_freq\drug_images\DB00983.png
DB00987,Cytarabine,Nc1ccn([C@@H]2O[C@H](CO)[C@@H](O)[C@@H]2O)c(=O)n1,drug_embeddings_by_freq\drug_images\DB00987.png
DB00989,Rivastigmine,CCN(C)C(=O)Oc1cccc([C@H](C)N(C)C)c1,drug_embeddings_by_freq\drug_images\DB00989.png
DB00990,Exemestane,C=C1C[C@@H]2[C@H](CC[C@]3(C)C(=O)CC[C@@H]23)[C@@]2(C)C=CC(=O)C=C12,drug_embeddings_by_freq\drug_images\DB00990.png
DB00993,Azathioprine,Cn1cnc([N+](=O)[O-])c1Sc1ncnc2nc[nH]c12,drug_embeddings_by_freq\drug_images\DB00993.png
DB00995,Auranofin,CCP(CC)(CC)=[Au]S[C@@H]1O[C@H](COC(C)=O)[C@@H](OC(C)=O)[C@H](OC(C)=O)[C@H]1OC(C)=O,drug_embeddings_by_freq\drug_images\DB00995.png
DB00996,Gabapentin,NCC1(CC(=O)O)CCCCC1,drug_embeddings_by_freq\drug_images\DB00996.png
DB00997,Doxorubicin,COc1cccc2c1C(=O)c1c(O)c3c(c(O)c1C2=O)C[C@@](O)(C(=O)CO)C[C@@H]3O[C@H]1C[C@H](N)[C@H](O)[C@H](C)O1,drug_embeddings_by_freq\drug_images\DB00997.png
DB00998,Frovatriptan,CN[C@@H]1CCc2[nH]c3ccc(C(N)=O)cc3c2C1,drug_embeddings_by_freq\drug_images\DB00998.png
DB00999,Hydrochlorothiazide,NS(=O)(=O)c1cc2c(cc1Cl)NCNS2(=O)=O,drug_embeddings_by_freq\drug_images\DB00999.png
DB01002,Levobupivacaine,CCCCN1CCCC[C@H]1C(=O)Nc1c(C)cccc1C,drug_embeddings_by_freq\drug_images\DB01002.png
DB01004,Ganciclovir,Nc1nc2c(ncn2COC(CO)CO)c(=O)[nH]1,drug_embeddings_by_freq\drug_images\DB01004.png
DB01006,Letrozole,N#Cc1ccc(C(c2ccc(C#N)cc2)n2cncn2)cc1,drug_embeddings_by_freq\drug_images\DB01006.png
DB01008,Busulfan,CS(=O)(=O)OCCCCOS(C)(=O)=O,drug_embeddings_by_freq\drug_images\DB01008.png
DB01011,Metyrapone,CC(C)(C(=O)c1cccnc1)c1cccnc1,drug_embeddings_by_freq\drug_images\DB01011.png
DB01012,Cinacalcet,C[C@@H](NCCCc1cccc(C(F)(F)F)c1)c1cccc2ccccc12,drug_embeddings_by_freq\drug_images\DB01012.png
DB01014,Balsalazide,O=C(O)CCNC(=O)c1ccc(/N=N/c2ccc(O)c(C(=O)O)c2)cc1,drug_embeddings_by_freq\drug_images\DB01014.png
DB01017,Minocycline,CN(C)c1ccc(O)c2c1C[C@H]1C[C@H]3[C@H](N(C)C)C(O)=C(C(N)=O)C(=O)[C@@]3(O)C(O)=C1C2=O,drug_embeddings_by_freq\drug_images\DB01017.png
DB01018,Guanfacine,N=C(N)NC(=O)Cc1c(Cl)cccc1Cl,drug_embeddings_by_freq\drug_images\DB01018.png
DB01025,Amlexanox,CC(C)c1ccc2oc3nc(N)c(C(=O)O)cc3c(=O)c2c1,drug_embeddings_by_freq\drug_images\DB01025.png
DB01029,Irbesartan,CCCCC1=NC2(CCCC2)C(=O)N1Cc1ccc(-c2ccccc2-c2nn[nH]n2)cc1,drug_embeddings_by_freq\drug_images\DB01029.png
DB01030,Topotecan,CC[C@@]1(O)C(=O)OCc2c1cc1n(c2=O)Cc2cc3c(CN(C)C)c(O)ccc3nc2-1,drug_embeddings_by_freq\drug_images\DB01030.png
DB01036,Tolterodine,Cc1ccc(O)c([C@H](CCN(C(C)C)C(C)C)c2ccccc2)c1,drug_embeddings_by_freq\drug_images\DB01036.png
DB01037,Selegiline,C#CCN(C)[C@H](C)Cc1ccccc1,drug_embeddings_by_freq\drug_images\DB01037.png
DB01039,Fenofibrate,CC(C)OC(=O)C(C)(C)Oc1ccc(C(=O)c2ccc(Cl)cc2)cc1,drug_embeddings_by_freq\drug_images\DB01039.png
DB01041,Thalidomide,O=C1CCC(N2C(=O)c3ccccc3C2=O)C(=O)N1,drug_embeddings_by_freq\drug_images\DB01041.png
DB01042,Melphalan,N[C@@H](Cc1ccc(N(CCCl)CCCl)cc1)C(=O)O,drug_embeddings_by_freq\drug_images\DB01042.png
DB01043,Memantine,CC12CC3CC(C)(C1)CC(N)(C3)C2,drug_embeddings_by_freq\drug_images\DB01043.png
DB01044,Gatifloxacin,COc1c(N2CCNC(C)C2)c(F)cc2c(=O)c(C(=O)O)cn(C3CC3)c12,drug_embeddings_by_freq\drug_images\DB01044.png
DB01046,Lubiprostone,CCCCC(F)(F)[C@@]1(O)CC[C@H]2[C@@H](CC(=O)[C@@H]2CCCCCCC(=O)O)O1,drug_embeddings_by_freq\drug_images\DB01046.png
DB01047,Fluocinonide,CC(=O)OCC(=O)[C@@]12OC(C)(C)O[C@@H]1C[C@H]1[C@@H]3C[C@H](F)C4=CC(=O)C=C[C@]4(C)[C@@]3(F)[C@@H](O)C[C@@]12C,drug_embeddings_by_freq\drug_images\DB01047.png
DB01048,Abacavir,Nc1nc(NC2CC2)c2ncn([C@H]3C=C[C@@H](CO)C3)c2n1,drug_embeddings_by_freq\drug_images\DB01048.png
DB01050,Ibuprofen,CC(C)Cc1ccc(C(C)C(=O)O)cc1,drug_embeddings_by_freq\drug_images\DB01050.png
DB01059,Norfloxacin,CCn1cc(C(=O)O)c(=O)c2cc(F)c(N3CCNCC3)cc21,drug_embeddings_by_freq\drug_images\DB01059.png
DB01060,Amoxicillin,CC1(C)S[C@@H]2[C@H](NC(=O)[C@H](N)c3ccc(O)cc3)C(=O)N2[C@H]1C(=O)O,drug_embeddings_by_freq\drug_images\DB01060.png
DB01062,Oxybutynin,CCN(CC)CC#CCOC(=O)C(O)(c1ccccc1)C1CCCCC1,drug_embeddings_by_freq\drug_images\DB01062.png
DB01067,Glipizide,Cc1cnc(C(=O)NCCc2ccc(S(=O)(=O)NC(=O)NC3CCCCC3)cc2)cn1,drug_embeddings_by_freq\drug_images\DB01067.png
DB01068,Clonazepam,O=C1CN=C(c2ccccc2Cl)c2cc([N+](=O)[O-])ccc2N1,drug_embeddings_by_freq\drug_images\DB01068.png
DB01072,Atazanavir,COC(=O)N[C@H](C(=O)N[C@@H](Cc1ccccc1)[C@@H](O)CN(Cc1ccc(-c2ccccn2)cc1)NC(=O)[C@@H](NC(=O)OC)C(C)(C)C)C(C)(C)C,drug_embeddings_by_freq\drug_images\DB01072.png
DB01073,Fludarabine,Nc1nc(F)nc2c1ncn2[C@@H]1O[C@H](CO)[C@@H](O)[C@@H]1O,drug_embeddings_by_freq\drug_images\DB01073.png
DB01076,Atorvastatin,CC(C)c1c(C(=O)Nc2ccccc2)c(-c2ccccc2)c(-c2ccc(F)cc2)n1CC[C@@H](O)C[C@@H](O)CC(=O)O,drug_embeddings_by_freq\drug_images\DB01076.png
DB01079,Tegaserod,CCCCCNC(=N)N/N=C/c1c[nH]c2ccc(OC)cc12,drug_embeddings_by_freq\drug_images\DB01079.png
DB01080,Vigabatrin,C=CC(N)CCC(=O)O,drug_embeddings_by_freq\drug_images\DB01080.png
DB01082,Streptomycin,CN[C@@H]1[C@H](O[C@H]2[C@H](O[C@H]3[C@H](O)[C@@H](O)[C@H](NC(=N)N)[C@@H](O)[C@@H]3NC(=N)N)O[C@@H](C)[C@]2(O)C=O)O[C@@H](CO)[C@H](O)[C@H]1O,drug_embeddings_by_freq\drug_images\DB01082.png
DB01083,Orlistat,CCCCCCCCCCC[C@@H](C[C@@H]1OC(=O)[C@H]1CCCCCC)OC(=O)[C@H](CC(C)C)NC=O,drug_embeddings_by_freq\drug_images\DB01083.png
DB01085,Pilocarpine,CC[C@@H]1C(=O)OC[C@@H]1Cc1cncn1C,drug_embeddings_by_freq\drug_images\DB01085.png
DB01088,Iloprost,CC#CCC(C)[C@H](O)/C=C/[C@@H]1[C@H]2C/C(=C/CCCC(=O)O)C[C@H]2C[C@H]1O,drug_embeddings_by_freq\drug_images\DB01088.png
DB01095,Fluvastatin,CC(C)n1c(/C=C/C(O)CC(O)CC(=O)O)c(-c2ccc(F)cc2)c2ccccc21,drug_embeddings_by_freq\drug_images\DB01095.png
DB01097,Leflunomide,Cc1oncc1C(=O)Nc1ccc(C(F)(F)F)cc1,drug_embeddings_by_freq\drug_images\DB01097.png
DB01098,Rosuvastatin,CC(C)c1nc(N(C)S(C)(=O)=O)nc(-c2ccc(F)cc2)c1/C=C/[C@@H](O)C[C@@H](O)CC(=O)O,drug_embeddings_by_freq\drug_images\DB01098.png
DB01100,Pimozide,O=c1[nH]c2ccccc2n1C1CCN(CCCC(c2ccc(F)cc2)c2ccc(F)cc2)CC1,drug_embeddings_by_freq\drug_images\DB01100.png
DB01101,Capecitabine,CCCCCOC(=O)Nc1nc(=O)n([C@@H]2O[C@H](C)[C@@H](O)[C@H]2O)cc1F,drug_embeddings_by_freq\drug_images\DB01101.png
DB01104,Sertraline,CN[C@H]1CC[C@@H](c2ccc(Cl)c(Cl)c2)c2ccccc21,drug_embeddings_by_freq\drug_images\DB01104.png
DB01110,Miconazole,Clc1ccc(COC(Cn2ccnc2)c2ccc(Cl)cc2Cl)c(Cl)c1,drug_embeddings_by_freq\drug_images\DB01110.png
DB01115,Nifedipine,COC(=O)C1=C(C)NC(C)=C(C(=O)OC)C1c1ccccc1[N+](=O)[O-],drug_embeddings_by_freq\drug_images\DB01115.png
DB01117,Atovaquone,O=C1C(O)=C([C@H]2CC[C@H](c3ccc(Cl)cc3)CC2)C(=O)c2ccccc21,drug_embeddings_by_freq\drug_images\DB01117.png
DB01118,Amiodarone,CCCCc1oc2ccccc2c1C(=O)c1cc(I)c(OCCN(CC)CC)c(I)c1,drug_embeddings_by_freq\drug_images\DB01118.png
DB01120,Gliclazide,Cc1ccc(S(=O)(=O)NC(=O)NN2C[C@H]3CCC[C@H]3C2)cc1,drug_embeddings_by_freq\drug_images\DB01120.png
DB01128,Bicalutamide,CC(O)(CS(=O)(=O)c1ccc(F)cc1)C(=O)Nc1ccc(C#N)c(C(F)(F)F)c1,drug_embeddings_by_freq\drug_images\DB01128.png
DB01129,Rabeprazole,COCCCOc1ccnc(CS(=O)c2nc3ccccc3[nH]2)c1C,drug_embeddings_by_freq\drug_images\DB01129.png
DB01132,Pioglitazone,CCc1ccc(CCOc2ccc(CC3SC(=O)NC3=O)cc2)nc1,drug_embeddings_by_freq\drug_images\DB01132.png
DB01136,Carvedilol,COc1ccccc1OCCNCC(O)COc1cccc2[nH]c3ccccc3c12,drug_embeddings_by_freq\drug_images\DB01136.png
DB01137,Levofloxacin,C[C@H]1COc2c(N3CCN(C)CC3)c(F)cc3c(=O)c(C(=O)O)cn1c23,drug_embeddings_by_freq\drug_images\DB01137.png
DB01141,Micafungin,CCCCCOc1ccc(-c2cc(-c3ccc(C(=O)N[C@H]4C[C@@H](O)[C@@H](O)NC(=O)[C@@H]5[C@@H](O)[C@@H](C)CN5C(=O)[C@H]([C@H](O)CC(N)=O)NC(=O)[C@H]([C@H](O)[C@@H](O)c5ccc(O)c(OS(=O)(=O)O)c5)NC(=O)[C@@H]5C[C@@H](O)CN5C(=O)[C@H]([C@@H](C)O)NC4=O)cc3)no2)cc1,drug_embeddings_by_freq\drug_images\DB01141.png
DB01142,Doxepin,CN(C)CCC=C1c2ccccc2COc2ccccc21,drug_embeddings_by_freq\drug_images\DB01142.png
DB01149,Nefazodone,CCc1nn(CCCN2CCN(c3cccc(Cl)c3)CC2)c(=O)n1CCOc1ccccc1,drug_embeddings_by_freq\drug_images\DB01149.png
DB01150,Cefprozil,CC=CC1=C(C(=O)O)N2C(=O)[C@@H](NC(=O)[C@H](N)c3ccc(O)cc3)[C@H]2SC1,drug_embeddings_by_freq\drug_images\DB01150.png
DB01155,Gemifloxacin,CO/N=C1\CN(c2nc3c(cc2F)c(=O)c(C(=O)O)cn3C2CC2)CC1CN,drug_embeddings_by_freq\drug_images\DB01155.png
DB01156,Bupropion,CC(NC(C)(C)C)C(=O)c1cccc(Cl)c1,drug_embeddings_by_freq\drug_images\DB01156.png
DB01157,Trimetrexate,COc1cc(NCc2ccc3nc(N)nc(N)c3c2C)cc(OC)c1OC,drug_embeddings_by_freq\drug_images\DB01157.png
DB01162,Terazosin,COc1cc2nc(N3CCN(C(=O)C4CCCO4)CC3)nc(N)c2cc1OC,drug_embeddings_by_freq\drug_images\DB01162.png
DB01165,Ofloxacin,CC1COc2c(N3CCN(C)CC3)c(F)cc3c(=O)c(C(=O)O)cn1c23,drug_embeddings_by_freq\drug_images\DB01165.png
DB01166,Cilostazol,O=C1CCc2cc(OCCCCc3nnnn3C3CCCCC3)ccc2N1,drug_embeddings_by_freq\drug_images\DB01166.png
DB01167,Itraconazole,CCC(C)n1ncn(-c2ccc(N3CCN(c4ccc(OC[C@H]5CO[C@](Cn6cncn6)(c6ccc(Cl)cc6Cl)O5)cc4)CC3)cc2)c1=O,drug_embeddings_by_freq\drug_images\DB01167.png
DB01175,Escitalopram,CN(C)CCC[C@@]1(c2ccc(F)cc2)OCc2cc(C#N)ccc21,drug_embeddings_by_freq\drug_images\DB01175.png
DB01177,Idarubicin,CC(=O)[C@]1(O)Cc2c(O)c3c(c(O)c2[C@@H](O[C@H]2C[C@H](N)[C@H](O)[C@H](C)O2)C1)C(=O)c1ccccc1C3=O,drug_embeddings_by_freq\drug_images\DB01177.png
DB01180,Rescinnamine,COC(=O)[C@H]1[C@H]2C[C@@H]3c4[nH]c5cc(OC)ccc5c4CCN3C[C@H]2C[C@@H](OC(=O)C=Cc2cc(OC)c(OC)c(OC)c2)[C@@H]1OC,drug_embeddings_by_freq\drug_images\DB01180.png
DB01181,Ifosfamide,O=P1(NCCCl)OCCCN1CCCl,drug_embeddings_by_freq\drug_images\DB01181.png
DB01182,Propafenone,CCCNCC(O)COc1ccccc1C(=O)CCc1ccccc1,drug_embeddings_by_freq\drug_images\DB01182.png
DB01186,Pergolide,CCCN1C[C@H](CSC)C[C@@H]2c3cccc4[nH]cc(c34)C[C@H]21,drug_embeddings_by_freq\drug_images\DB01186.png
DB01188,Ciclopirox,Cc1cc(C2CCCCC2)n(O)c(=O)c1,drug_embeddings_by_freq\drug_images\DB01188.png
DB01189,Desflurane,FC(F)OC(F)C(F)(F)F,drug_embeddings_by_freq\drug_images\DB01189.png
DB01190,Clindamycin,CCC[C@@H]1C[C@@H](C(=O)N[C@@H]([C@H]2O[C@H](SC)[C@H](O)[C@@H](O)[C@H]2O)[C@H](C)Cl)N(C)C1,drug_embeddings_by_freq\drug_images\DB01190.png
DB01193,Acebutolol,CCCC(=O)Nc1ccc(OCC(O)CNC(C)C)c(C(C)=O)c1,drug_embeddings_by_freq\drug_images\DB01193.png
DB01194,Brinzolamide,CCN[C@H]1CN(CCCOC)S(=O)(=O)c2sc(S(N)(=O)=O)cc21,drug_embeddings_by_freq\drug_images\DB01194.png
DB01195,Flecainide,O=C(NCC1CCCCN1)c1cc(OCC(F)(F)F)ccc1OCC(F)(F)F,drug_embeddings_by_freq\drug_images\DB01195.png
DB01196,Estramustine,C[C@]12CC[C@@H]3c4ccc(OC(=O)N(CCCl)CCCl)cc4CC[C@H]3[C@@H]1CC[C@@H]2O,drug_embeddings_by_freq\drug_images\DB01196.png
DB01200,Bromocriptine,CC(C)C[C@H]1C(=O)N2CCC[C@H]2[C@]2(O)O[C@](NC(=O)[C@@H]3C=C4c5cccc6[nH]c(Br)c(c56)C[C@H]4N(C)C3)(C(C)C)C(=O)N12,drug_embeddings_by_freq\drug_images\DB01200.png
DB01202,Levetiracetam,CC[C@@H](C(N)=O)N1CCCC1=O,drug_embeddings_by_freq\drug_images\DB01202.png
DB01203,Nadolol,CC(C)(C)NCC(O)COc1cccc2c1C[C@H](O)[C@H](O)C2,drug_embeddings_by_freq\drug_images\DB01203.png
DB01204,Mitoxantrone,O=C1c2c(O)ccc(O)c2C(=O)c2c(NCCNCCO)ccc(NCCNCCO)c21,drug_embeddings_by_freq\drug_images\DB01204.png
DB01208,Sparfloxacin,C[C@@H]1CN(c2c(F)c(N)c3c(=O)c(C(=O)O)cn(C4CC4)c3c2F)C[C@H](C)N1,drug_embeddings_by_freq\drug_images\DB01208.png
DB01211,Clarithromycin,CC[C@H]1OC(=O)[C@H](C)[C@@H](O[C@H]2C[C@@](C)(OC)[C@@H](O)[C@H](C)O2)[C@H](C)[C@@H](O[C@@H]2O[C@H](C)C[C@H](N(C)C)[C@H]2O)[C@](C)(OC)C[C@@H](C)C(=O)[C@H](C)[C@@H](O)[C@]1(C)O,drug_embeddings_by_freq\drug_images\DB01211.png
DB01212,Ceftriaxone,CO/N=C(\C(=O)N[C@@H]1C(=O)N2C(C(=O)O)=C(CSc3nc(=O)c(=O)[nH]n3C)CS[C@H]12)c1csc(N)n1,drug_embeddings_by_freq\drug_images\DB01212.png
DB01215,Estazolam,Clc1ccc2c(c1)C(c1ccccc1)=NCc1nncn1-2,drug_embeddings_by_freq\drug_images\DB01215.png
DB01216,Finasteride,CC(C)(C)NC(=O)[C@H]1CC[C@H]2[C@@H]3CC[C@H]4NC(=O)C=C[C@]4(C)[C@H]3CC[C@]12C,drug_embeddings_by_freq\drug_images\DB01216.png
DB01217,Anastrozole,CC(C)(C#N)c1cc(Cn2cncn2)cc(C(C)(C)C#N)c1,drug_embeddings_by_freq\drug_images\DB01217.png
DB01218,Halofantrine,CCCCN(CCCC)CCC(O)c1cc2c(Cl)cc(Cl)cc2c2cc(C(F)(F)F)ccc12,drug_embeddings_by_freq\drug_images\DB01218.png
DB01219,Dantrolene,O=C1CN(/N=C/c2ccc(-c3ccc([N+](=O)[O-])cc3)o2)C(=O)N1,drug_embeddings_by_freq\drug_images\DB01219.png
DB01220,Rifaximin,CO[C@H]1/C=C/O[C@@]2(C)Oc3c(C)c(O)c4c(O)c(c5c(nc6cc(C)ccn65)c4c3C2=O)NC(=O)/C(C)=C\C=C\[C@H](C)[C@H](O)[C@@H](C)[C@@H](O)[C@@H](C)[C@H](OC(C)=O)[C@@H]1C,drug_embeddings_by_freq\drug_images\DB01220.png
DB01222,Budesonide,CCCC1O[C@@H]2C[C@H]3[C@@H]4CCC5=CC(=O)C=C[C@]5(C)[C@H]4[C@@H](O)C[C@]3(C)[C@]2(C(=O)CO)O1,drug_embeddings_by_freq\drug_images\DB01222.png
DB01223,Aminophylline,Cn1c(=O)c2[nH]cnc2n(C)c1=O.Cn1c(=O)c2[nH]cnc2n(C)c1=O.NCCN,drug_embeddings_by_freq\drug_images\DB01223.png
DB01224,Quetiapine,OCCOCCN1CCN(C2=Nc3ccccc3Sc3ccccc32)CC1,drug_embeddings_by_freq\drug_images\DB01224.png
DB01229,Paclitaxel,CC(=O)O[C@H]1C(=O)[C@@]2(C)[C@H]([C@H](OC(=O)c3ccccc3)[C@]3(O)C[C@H](OC(=O)[C@H](O)[C@@H](NC(=O)c4ccccc4)c4ccccc4)C(C)=C1C3(C)C)[C@]1(OC(C)=O)CO[C@@H]1C[C@@H]2O,drug_embeddings_by_freq\drug_images\DB01229.png
DB01232,Saquinavir,CC(C)(C)NC(=O)[C@@H]1C[C@@H]2CCCC[C@@H]2CN1C[C@@H](O)[C@H](Cc1ccccc1)NC(=O)[C@H](CC(N)=O)NC(=O)c1ccc2ccccc2n1,drug_embeddings_by_freq\drug_images\DB01232.png
DB01234,Dexamethasone,C[C@@H]1C[C@H]2[C@@H]3CCC4=CC(=O)C=C[C@]4(C)[C@@]3(F)[C@@H](O)C[C@]2(C)[C@@]1(O)C(=O)CO,drug_embeddings_by_freq\drug_images\DB01234.png
DB01235,Levodopa,N[C@@H](Cc1ccc(O)c(O)c1)C(=O)O,drug_embeddings_by_freq\drug_images\DB01235.png
DB01238,Aripiprazole,O=C1CCc2ccc(OCCCCN3CCN(c4cccc(Cl)c4Cl)CC3)cc2N1,drug_embeddings_by_freq\drug_images\DB01238.png
DB01240,Epoprostenol,CCCCC[C@H](O)/C=C/[C@@H]1[C@H]2C/C(=C/CCCC(=O)O)O[C@H]2C[C@H]1O,drug_embeddings_by_freq\drug_images\DB01240.png
DB01241,Gemfibrozil,Cc1ccc(C)c(OCCCC(C)(C)C(=O)O)c1,drug_embeddings_by_freq\drug_images\DB01241.png
DB01242,Clomipramine,CN(C)CCCN1c2ccccc2CCc2ccc(Cl)cc21,drug_embeddings_by_freq\drug_images\DB01242.png
DB01244,Bepridil,CC(C)COCC(CN(Cc1ccccc1)c1ccccc1)N1CCCC1,drug_embeddings_by_freq\drug_images\DB01244.png
DB01248,Docetaxel,CC(=O)O[C@@]12CO[C@@H]1C[C@H](O)[C@@]1(C)C(=O)[C@H](O)C3=C(C)[C@@H](OC(=O)[C@H](O)[C@@H](NC(=O)OC(C)(C)C)c4ccccc4)C[C@@](O)([C@@H](OC(=O)c4ccccc4)[C@H]21)C3(C)C,drug_embeddings_by_freq\drug_images\DB01248.png
DB01249,Iodixanol,CC(=O)N(CC(O)CN(C(C)=O)c1c(I)c(C(=O)NCC(O)CO)c(I)c(C(=O)NCC(O)CO)c1I)c1c(I)c(C(=O)NCC(O)CO)c(I)c(C(=O)NCC(O)CO)c1I,drug_embeddings_by_freq\drug_images\DB01249.png
DB01250,Olsalazine,O=C(O)c1cc(/N=N/c2ccc(O)c(C(=O)O)c2)ccc1O,drug_embeddings_by_freq\drug_images\DB01250.png
DB01254,Dasatinib,Cc1nc(Nc2ncc(C(=O)Nc3c(C)cccc3Cl)s2)cc(N2CCN(CCO)CC2)n1,drug_embeddings_by_freq\drug_images\DB01254.png
DB01255,Lisdexamfetamine,C[C@@H](Cc1ccccc1)NC(=O)[C@@H](N)CCCCN,drug_embeddings_by_freq\drug_images\DB01255.png
DB01259,Lapatinib,CS(=O)(=O)CCNCc1ccc(-c2ccc3ncnc(Nc4ccc(OCc5cccc(F)c5)c(Cl)c4)c3c2)o1,drug_embeddings_by_freq\drug_images\DB01259.png
DB01260,Desonide,CC1(C)O[C@@H]2C[C@H]3[C@@H]4CCC5=CC(=O)C=C[C@]5(C)[C@H]4[C@@H](O)C[C@]3(C)[C@]2(C(=O)CO)O1,drug_embeddings_by_freq\drug_images\DB01260.png
DB01261,Sitagliptin,N[C@@H](CC(=O)N1CCn2c(nnc2C(F)(F)F)C1)Cc1cc(F)c(F)cc1F,drug_embeddings_by_freq\drug_images\DB01261.png
DB01262,Decitabine,Nc1ncn([C@H]2C[C@H](O)[C@@H](CO)O2)c(=O)n1,drug_embeddings_by_freq\drug_images\DB01262.png
DB01263,Posaconazole,CC[C@@H]([C@H](C)O)n1ncn(-c2ccc(N3CCN(c4ccc(OC[C@@H]5CO[C@@](Cn6cncn6)(c6ccc(F)cc6F)C5)cc4)CC3)cc2)c1=O,drug_embeddings_by_freq\drug_images\DB01263.png
DB01264,Darunavir,CC(C)CN(C[C@@H](O)[C@H](Cc1ccccc1)NC(=O)O[C@H]1CO[C@H]2OCC[C@H]21)S(=O)(=O)c1ccc(N)cc1,drug_embeddings_by_freq\drug_images\DB01264.png
DB01265,Telbivudine,Cc1cn([C@@H]2C[C@@H](O)[C@H](CO)O2)c(=O)[nH]c1=O,drug_embeddings_by_freq\drug_images\DB01265.png
DB01267,Paliperidone,Cc1nc2n(c(=O)c1CCN1CCC(c3noc4cc(F)ccc34)CC1)CCCC2O,drug_embeddings_by_freq\drug_images\DB01267.png
DB01268,Sunitinib,CCN(CC)CCNC(=O)c1c(C)[nH]c(/C=C2\C(=O)Nc3ccc(F)cc32)c1C,drug_embeddings_by_freq\drug_images\DB01268.png
DB01273,Varenicline,c1cnc2cc3c(cc2n1)C1CNCC3C1,drug_embeddings_by_freq\drug_images\DB01273.png
DB01275,Hydralazine,NNc1nncc2ccccc12,drug_embeddings_by_freq\drug_images\DB01275.png
DB01280,Nelarabine,COc1nc(N)nc2c1ncn2[C@@H]1O[C@H](CO)[C@@H](O)[C@@H]1O,drug_embeddings_by_freq\drug_images\DB01280.png
DB01291,Pirbuterol,CC(C)(C)NCC(O)c1ccc(O)c(CO)n1,drug_embeddings_by_freq\drug_images\DB01291.png
DB01319,Fosamprenavir,CC(C)CN(C[C@@H](OP(=O)(O)O)[C@H](Cc1ccccc1)NC(=O)O[C@H]1CCOC1)S(=O)(=O)c1ccc(N)cc1,drug_embeddings_by_freq\drug_images\DB01319.png
DB01320,Fosphenytoin,O=C1NC(c2ccccc2)(c2ccccc2)C(=O)N1COP(=O)(O)O,drug_embeddings_by_freq\drug_images\DB01320.png
DB01340,Cilazapril,CCOC(=O)[C@H](CCc1ccccc1)N[C@H]1CCCN2CCC[C@@H](C(=O)O)N2C1=O,drug_embeddings_by_freq\drug_images\DB01340.png
DB01359,Penbutolol,CC(C)(C)NC[C@H](O)COc1ccccc1C1CCCC1,drug_embeddings_by_freq\drug_images\DB01359.png
DB01362,Iohexol,CC(=O)N(CC(O)CO)c1c(I)c(C(=O)NCC(O)CO)c(I)c(C(=O)NCC(O)CO)c1I,drug_embeddings_by_freq\drug_images\DB01362.png
DB01367,Rasagiline,C#CCN[C@@H]1CCc2ccccc21,drug_embeddings_by_freq\drug_images\DB01367.png
DB01393,Bezafibrate,CC(C)(Oc1ccc(CCNC(=O)c2ccc(Cl)cc2)cc1)C(=O)O,drug_embeddings_by_freq\drug_images\DB01393.png
DB01394,Colchicine,COc1cc2c(c(OC)c1OC)-c1ccc(OC)c(=O)cc1[C@@H](NC(C)=O)CC2,drug_embeddings_by_freq\drug_images\DB01394.png
DB01406,Danazol,C#C[C@]1(O)CC[C@H]2[C@@H]3CCC4=Cc5oncc5C[C@]4(C)[C@H]3CC[C@@]21C,drug_embeddings_by_freq\drug_images\DB01406.png
DB01410,Ciclesonide,CC(C)C(=O)OCC(=O)[C@@]12O[C@H](C3CCCCC3)O[C@@H]1C[C@H]1[C@@H]3CCC4=CC(=O)C=C[C@]4(C)[C@H]3[C@@H](O)C[C@@]12C,drug_embeddings_by_freq\drug_images\DB01410.png
DB01413,Cefepime,CO/N=C(\C(=O)N[C@@H]1C(=O)N2C(C(=O)[O-])=C(C[N+]3(C)CCCC3)CS[C@H]12)c1csc(N)n1,drug_embeddings_by_freq\drug_images\DB01413.png
DB01544,Flunitrazepam,CN1C(=O)CN=C(c2ccccc2F)c2cc([N+](=O)[O-])ccc21,drug_embeddings_by_freq\drug_images\DB01544.png
DB01551,Dihydrocodeine,COc1ccc2c3c1O[C@H]1[C@@H](O)CC[C@H]4[C@@H](C2)N(C)CC[C@@]341,drug_embeddings_by_freq\drug_images\DB01551.png
DB01558,Bromazepam,O=C1CN=C(c2ccccn2)c2cc(Br)ccc2N1,drug_embeddings_by_freq\drug_images\DB01558.png
DB01589,Quazepam,Fc1ccccc1C1=NCC(=S)N(CC(F)(F)F)c2ccc(Cl)cc21,drug_embeddings_by_freq\drug_images\DB01589.png
DB01590,Everolimus,CO[C@H]1C[C@@H]2CC[C@@H](C)[C@@](O)(O2)C(=O)C(=O)N2CCCC[C@H]2C(=O)O[C@H]([C@H](C)C[C@@H]2CC[C@@H](OCCO)[C@H](OC)C2)CC(=O)[C@H](C)/C=C(\C)[C@@H](O)[C@@H](OC)C(=O)[C@H](C)C[C@H](C)/C=C/C=C/C=C/1C,drug_embeddings_by_freq\drug_images\DB01590.png
DB01591,Solifenacin,O=C(O[C@H]1CN2CCC1CC2)N1CCc2ccccc2[C@@H]1c1ccccc1,drug_embeddings_by_freq\drug_images\DB01591.png
DB01609,Deferasirox,O=C(O)c1ccc(-n2nc(-c3ccccc3O)nc2-c2ccccc2O)cc1,drug_embeddings_by_freq\drug_images\DB01609.png
DB01610,Valganciclovir,CC(C)[C@H](N)C(=O)OCC(CO)OCn1cnc2c(=O)nc(N)[nH]c21,drug_embeddings_by_freq\drug_images\DB01610.png
DB01656,Roflumilast,O=C(Nc1c(Cl)cncc1Cl)c1ccc(OC(F)F)c(OCC2CC2)c1,drug_embeddings_by_freq\drug_images\DB01656.png
DB04106,Fotemustine,CCOP(=O)(OCC)C(C)NC(=O)N(CCCl)N=O,drug_embeddings_by_freq\drug_images\DB04106.png
DB04572,Thiotepa,S=P(N1CC1)(N1CC1)N1CC1,drug_embeddings_by_freq\drug_images\DB04572.png
DB04835,Maraviroc,Cc1nnc(C(C)C)n1[C@@H]1C[C@H]2CC[C@@H](C1)N2CC[C@H](NC(=O)C1CCC(F)(F)CC1)c1ccccc1,drug_embeddings_by_freq\drug_images\DB04835.png
DB04844,Tetrabenazine,COc1cc2c(cc1OC)C1CC(=O)C(CC(C)C)CN1CC2,drug_embeddings_by_freq\drug_images\DB04844.png
DB04845,Ixabepilone,C/C(=C\c1csc(C)n1)[C@@H]1C[C@@H]2O[C@]2(C)CCC[C@H](C)[C@H](O)[C@@H](C)C(=O)C(C)(C)[C@@H](O)CC(=O)N1,drug_embeddings_by_freq\drug_images\DB04845.png
DB04854,Febuxostat,Cc1nc(-c2ccc(OCC(C)C)c(C#N)c2)sc1C(=O)O,drug_embeddings_by_freq\drug_images\DB04854.png
DB04855,Dronedarone,CCCCc1oc2ccc(NS(C)(=O)=O)cc2c1C(=O)c1ccc(OCCCN(CCCC)CCCC)cc1,drug_embeddings_by_freq\drug_images\DB04855.png
DB04861,Nebivolol,OC(CNCC(O)C1CCc2cc(F)ccc2O1)C1CCc2cc(F)ccc2O1,drug_embeddings_by_freq\drug_images\DB04861.png
DB04868,Nilotinib,Cc1cn(-c2cc(NC(=O)c3ccc(C)c(Nc4nccc(-c5cccnc5)n4)c3)cc(C(F)(F)F)c2)cn1,drug_embeddings_by_freq\drug_images\DB04868.png
DB04871,Lorcaserin,C[C@H]1CNCCc2ccc(Cl)cc21,drug_embeddings_by_freq\drug_images\DB04871.png
DB04876,Vildagliptin,N#C[C@@H]1CCCN1C(=O)CNC12CC3CC(CC(O)(C3)C1)C2,drug_embeddings_by_freq\drug_images\DB04876.png
DB04896,Milnacipran,CCN(CC)C(=O)C1(c2ccccc2)CC1CN,drug_embeddings_by_freq\drug_images\DB04896.png
DB04911,Oritavancin,CN[C@H](CC(C)C)C(=O)N[C@H]1C(=O)N[C@@H](CC(N)=O)C(=O)N[C@H]2C(=O)N[C@H]3C(=O)N[C@H](C(=O)N[C@H](C(=O)O)c4cc(O)cc(O)c4-c4cc3ccc4O)[C@H](O[C@H]3C[C@](C)(N)[C@@H](O)[C@H](C)O3)c3ccc(c(Cl)c3)Oc3cc2cc(c3O[C@@H]2O[C@H](CO)[C@@H](O)[C@H](O)[C@H]2O[C@H]2C[C@](C)(NCc3ccc(-c4ccc(Cl)cc4)cc3)[C@@H](O)[C@H](C)O2)Oc2ccc(cc2Cl)[C@H]1O,drug_embeddings_by_freq\drug_images\DB04911.png
DB04920,Clevidipine,CCCC(=O)OCOC(=O)C1=C(C)NC(C)=C(C(=O)OC)C1c1cccc(Cl)c1Cl,drug_embeddings_by_freq\drug_images\DB04920.png
DB04938,Ospemifene,OCCOc1ccc(/C(=C(/CCCl)c2ccccc2)c2ccccc2)cc1,drug_embeddings_by_freq\drug_images\DB04938.png
DB04946,Iloperidone,COc1cc(C(C)=O)ccc1OCCCN1CCC(c2noc3cc(F)ccc23)CC1,drug_embeddings_by_freq\drug_images\DB04946.png
DB05015,Belinostat,O=C(/C=C/c1cccc(S(=O)(=O)Nc2ccccc2)c1)NO,drug_embeddings_by_freq\drug_images\DB05015.png
DB05039,Indacaterol,CCc1cc2c(cc1CC)CC(NC[C@H](O)c1ccc(O)c3[nH]c(=O)ccc13)C2,drug_embeddings_by_freq\drug_images\DB05039.png
DB05109,Trabectedin,COc1cc2c(cc1O)CCN[C@]21CS[C@@H]2c3c(OC(C)=O)c(C)c4c(c3[C@H](COC1=O)N1[C@@H]2[C@H]2c3c(cc(C)c(OC)c3O)C[C@@H]([C@@H]1O)N2C)OCO4,drug_embeddings_by_freq\drug_images\DB05109.png
DB05271,Rotigotine,CCCN(CCc1cccs1)[C@H]1CCc2c(O)cccc2C1,drug_embeddings_by_freq\drug_images\DB05271.png
DB05294,Vandetanib,COc1cc2c(Nc3ccc(Br)cc3F)ncnc2cc1OCC1CCN(C)CC1,drug_embeddings_by_freq\drug_images\DB05294.png
DB05351,Dexlansoprazole,Cc1c(OCC(F)(F)F)ccnc1C[S@@](=O)c1nc2ccccc2[nH]1,drug_embeddings_by_freq\drug_images\DB05351.png
DB05521,Telaprevir,CCC[C@H](NC(=O)[C@@H]1[C@H]2CCC[C@H]2CN1C(=O)[C@@H](NC(=O)[C@@H](NC(=O)c1cnccn1)C1CCCCC1)C(C)(C)C)C(=O)C(=O)NC1CC1,drug_embeddings_by_freq\drug_images\DB05521.png
DB05676,Apremilast,CCOc1cc([C@@H](CS(C)(=O)=O)N2C(=O)c3cccc(NC(C)=O)c3C2=O)ccc1OC,drug_embeddings_by_freq\drug_images\DB05676.png
DB05812,Abiraterone,C[C@]12CC[C@H](O)CC1=CC[C@@H]1[C@@H]2CC[C@]2(C)C(c3cccnc3)=CC[C@@H]12,drug_embeddings_by_freq\drug_images\DB05812.png
DB06148,Mianserin,CN1CCN2c3ccccc3Cc3ccccc3C2C1,drug_embeddings_by_freq\drug_images\DB06148.png
DB06151,Acetylcysteine,CC(=O)N[C@@H](CS)C(=O)O,drug_embeddings_by_freq\drug_images\DB06151.png
DB06176,Romidepsin,C/C=C1\NC(=O)[C@H]2CSSCC/C=C/[C@H](CC(=O)N[C@H](C(C)C)C(=O)N2)OC(=O)[C@H](C(C)C)NC1=O,drug_embeddings_by_freq\drug_images\DB06176.png
DB06201,Rufinamide,NC(=O)c1cn(Cc2c(F)cccc2F)nn1,drug_embeddings_by_freq\drug_images\DB06201.png
DB06202,Lasofoxifene,Oc1ccc2c(c1)CC[C@H](c1ccccc1)[C@@H]2c1ccc(OCCN2CCCC2)cc1,drug_embeddings_by_freq\drug_images\DB06202.png
DB06204,Tapentadol,CC[C@@H](c1cccc(O)c1)[C@@H](C)CN(C)C,drug_embeddings_by_freq\drug_images\DB06204.png
DB06207,Silodosin,C[C@H](Cc1cc2c(c(C(N)=O)c1)N(CCCO)CC2)NCCOc1ccccc1OCC(F)(F)F,drug_embeddings_by_freq\drug_images\DB06207.png
DB06209,Prasugrel,CC(=O)Oc1cc2c(s1)CCN(C(C(=O)C1CC1)c1ccccc1F)C2,drug_embeddings_by_freq\drug_images\DB06209.png
DB06210,Eltrombopag,CC1=NN(c2ccc(C)c(C)c2)C(=O)/C1=N\Nc1cccc(-c2cccc(C(=O)O)c2)c1O,drug_embeddings_by_freq\drug_images\DB06210.png
DB06211,Doripenem,C[C@@H](O)[C@H]1C(=O)N2C(C(=O)O)=C(S[C@@H]3CN[C@H](CNS(N)(=O)=O)C3)[C@H](C)[C@H]12,drug_embeddings_by_freq\drug_images\DB06211.png
DB06212,Tolvaptan,Cc1ccccc1C(=O)Nc1ccc(C(=O)N2CCC[C@@H](O)c3cc(Cl)ccc32)c(C)c1,drug_embeddings_by_freq\drug_images\DB06212.png
DB06213,Regadenoson,CNC(=O)c1cnn(-c2nc(N)c3ncn([C@@H]4O[C@H](CO)[C@@H](O)[C@H]4O)c3n2)c1,drug_embeddings_by_freq\drug_images\DB06213.png
DB06216,Asenapine,CN1CC2c3ccccc3Oc3ccc(Cl)cc3C2C1,drug_embeddings_by_freq\drug_images\DB06216.png
DB06217,Vernakalant,COc1ccc(CCO[C@@H]2CCCC[C@H]2N2CC[C@@H](O)C2)cc1OC,drug_embeddings_by_freq\drug_images\DB06217.png
DB06218,Lacosamide,COC[C@@H](NC(C)=O)C(=O)NCc1ccccc1,drug_embeddings_by_freq\drug_images\DB06218.png
DB06228,Rivaroxaban,O=C(NC[C@H]1CN(c2ccc(N3CCOCC3=O)cc2)C(=O)O1)c1ccc(Cl)s1,drug_embeddings_by_freq\drug_images\DB06228.png
DB06230,Nalmefene,C=C1CC[C@@]2(O)[C@H]3Cc4ccc(O)c5c4[C@@]2(CCN3CC2CC2)[C@H]1O5,drug_embeddings_by_freq\drug_images\DB06230.png
DB06237,Avanafil,COc1ccc(CNc2nc(N3CCC[C@H]3CO)ncc2C(=O)NCc2ncccn2)cc1Cl,drug_embeddings_by_freq\drug_images\DB06237.png
DB06243,Eflornithine,NCCCC(N)(C(=O)O)C(F)F,drug_embeddings_by_freq\drug_images\DB06243.png
DB06262,Droxidopa,N[C@H](C(=O)O)[C@H](O)c1ccc(O)c(O)c1,drug_embeddings_by_freq\drug_images\DB06262.png
DB06268,Sitaxentan,Cc1cc2c(cc1CC(=O)c1sccc1S(=O)(=O)Nc1onc(C)c1Cl)OCO2,drug_embeddings_by_freq\drug_images\DB06268.png
DB06287,Temsirolimus,CO[C@H]1C[C@@H]2CC[C@@H](C)[C@@](O)(O2)C(=O)C(=O)N2CCCC[C@H]2C(=O)O[C@H]([C@H](C)C[C@@H]2CC[C@@H](OC(=O)C(C)(CO)CO)[C@H](OC)C2)CC(=O)[C@H](C)/C=C(\C)[C@@H](O)[C@@H](OC)C(=O)[C@H](C)C[C@H](C)/C=C/C=C/C=C/1C,drug_embeddings_by_freq\drug_images\DB06287.png
DB06288,Amisulpride,CCN1CCCC1CNC(=O)c1cc(S(=O)(=O)CC)c(N)cc1OC,drug_embeddings_by_freq\drug_images\DB06288.png
DB06290,Simeprevir,COc1ccc2c(O[C@@H]3C[C@H]4C(=O)N[C@]5(C(=O)NS(=O)(=O)C6CC6)C[C@@H]5/C=C\CCCCN(C)C(=O)[C@@H]4C3)cc(-c3nc(C(C)C)cs3)nc2c1C,drug_embeddings_by_freq\drug_images\DB06290.png
DB06292,Dapagliflozin,CCOc1ccc(Cc2cc([C@@H]3O[C@H](CO)[C@@H](O)[C@H](O)[C@H]3O)ccc2Cl)cc1,drug_embeddings_by_freq\drug_images\DB06292.png
DB06401,Bazedoxifene,Cc1c(-c2ccc(O)cc2)n(Cc2ccc(OCCN3CCCCCC3)cc2)c2ccc(O)cc12,drug_embeddings_by_freq\drug_images\DB06401.png
DB06403,Ambrisentan,COC(c1ccccc1)(c1ccccc1)[C@H](Oc1nc(C)cc(C)n1)C(=O)O,drug_embeddings_by_freq\drug_images\DB06403.png
DB06410,Doxercalciferol,C=C1/C(=C\C=C2/CCC[C@]3(C)[C@@H]([C@H](C)/C=C/[C@H](C)C(C)C)CC[C@@H]23)C[C@@H](O)C[C@@H]1O,drug_embeddings_by_freq\drug_images\DB06410.png
DB06413,Armodafinil,NC(=O)C[S@@](=O)C(c1ccccc1)c1ccccc1,drug_embeddings_by_freq\drug_images\DB06413.png
DB06414,Etravirine,Cc1cc(C#N)cc(C)c1Oc1nc(Nc2ccc(C#N)cc2)nc(N)c1Br,drug_embeddings_by_freq\drug_images\DB06414.png
DB06480,Prucalopride,COCCCN1CCC(NC(=O)c2cc(Cl)c(N)c3c2OCC3)CC1,drug_embeddings_by_freq\drug_images\DB06480.png
DB06589,Pazopanib,Cc1ccc(Nc2nccc(N(C)c3ccc4c(C)n(C)nc4c3)n2)cc1S(N)(=O)=O,drug_embeddings_by_freq\drug_images\DB06589.png
DB06594,Agomelatine,COc1ccc2cccc(CCNC(C)=O)c2c1,drug_embeddings_by_freq\drug_images\DB06594.png
DB06605,Apixaban,COc1ccc(-n2nc(C(N)=O)c3c2C(=O)N(c2ccc(N4CCCCC4=O)cc2)CC3)cc1,drug_embeddings_by_freq\drug_images\DB06605.png
DB06616,Bosutinib,COc1cc(Nc2c(C#N)cnc3cc(OCCCN4CCN(C)CC4)c(OC)cc23)c(Cl)cc1Cl,drug_embeddings_by_freq\drug_images\DB06616.png
DB06626,Axitinib,CNC(=O)c1ccccc1Sc1ccc2c(/C=C/c3ccccn3)n[nH]c2c1,drug_embeddings_by_freq\drug_images\DB06626.png
DB06663,Pasireotide,NCCCC[C@@H]1NC(=O)[C@@H](Cc2c[nH]c3ccccc23)NC(=O)[C@H](c2ccccc2)NC(=O)[C@@H]2C[C@@H](OC(=O)NCCN)CN2C(=O)[C@H](Cc2ccccc2)NC(=O)[C@H](Cc2ccc(OCc3ccccc3)cc2)NC1=O,drug_embeddings_by_freq\drug_images\DB06663.png
DB06684,Vilazodone,N#Cc1ccc2[nH]cc(CCCCN3CCN(c4ccc5oc(C(N)=O)cc5c4)CC3)c2c1,drug_embeddings_by_freq\drug_images\DB06684.png
DB06698,Betahistine,CNCCc1ccccn1,drug_embeddings_by_freq\drug_images\DB06698.png
DB06699,Degarelix,CC(=O)N[C@H](Cc1ccc2ccccc2c1)C(=O)N[C@H](Cc1ccc(Cl)cc1)C(=O)N[C@H](Cc1cccnc1)C(=O)N[C@@H](CO)C(=O)N[C@@H](Cc1ccc(NC(=O)[C@@H]2CC(=O)NC(=O)N2)cc1)C(=O)N[C@H](Cc1ccc(NC(N)=O)cc1)C(=O)N[C@@H](CC(C)C)C(=O)N[C@@H](CCCCNC(C)C)C(=O)N1CCC[C@H]1C(=O)N[C@H](C)C(N)=O,drug_embeddings_by_freq\drug_images\DB06699.png
DB06700,Desvenlafaxine,CN(C)CC(c1ccc(O)cc1)C1(O)CCCCC1,drug_embeddings_by_freq\drug_images\DB06700.png
DB06701,Dexmethylphenidate,COC(=O)[C@H](c1ccccc1)[C@H]1CCCCN1,drug_embeddings_by_freq\drug_images\DB06701.png
DB06702,Fesoterodine,CC(C)C(=O)Oc1ccc(CO)cc1[C@H](CCN(C(C)C)C(C)C)c1ccccc1,drug_embeddings_by_freq\drug_images\DB06702.png
DB06703,Gadobutrol,O=C([O-])C[N+]12CC[N+]3(CC(=O)[O-])CC[N+]4([C@@H](CO)[C@@H](O)CO)CC[N+](CC(=O)[O-])(CC1)[Gd-]234,drug_embeddings_by_freq\drug_images\DB06703.png
DB06711,Naphazoline,c1ccc2c(CC3=NCCN3)cccc2c1,drug_embeddings_by_freq\drug_images\DB06711.png
DB06756,Betaine,C[N+](C)(C)CC(=O)[O-],drug_embeddings_by_freq\drug_images\DB06756.png
DB06769,Bendamustine,Cn1c(CCCC(=O)O)nc2cc(N(CCCl)CCCl)ccc21,drug_embeddings_by_freq\drug_images\DB06769.png
DB06772,Cabazitaxel,CO[C@H]1C(=O)[C@]2(C)[C@@H](OC)C[C@H]3OC[C@@]3(OC(C)=O)[C@H]2[C@H](OC(=O)c2ccccc2)[C@]2(O)C[C@H](OC(=O)[C@H](O)[C@@H](NC(=O)OC(C)(C)C)c3ccccc3)C(C)=C1C2(C)C,drug_embeddings_by_freq\drug_images\DB06772.png
DB06774,Capsaicin,COc1cc(CNC(=O)CCCC/C=C/C(C)C)ccc1O,drug_embeddings_by_freq\drug_images\DB06774.png
DB06785,Ganirelix,CCNC(=NCCCC[C@H](NC(=O)[C@H](CC(C)C)NC(=O)[C@@H](CCCCN=C(NCC)NCC)NC(=O)[C@H](Cc1ccc(O)cc1)NC(=O)[C@H](CO)NC(=O)[C@@H](Cc1cccnc1)NC(=O)[C@@H](Cc1ccc(Cl)cc1)NC(=O)[C@@H](Cc1ccc2ccccc2c1)NC(C)=O)C(=O)N1CCC[C@H]1C(=O)N[C@H](C)C(N)=O)NCC,drug_embeddings_by_freq\drug_images\DB06785.png
DB06788,Histrelin,CC(=O)O.CC(=O)O.CCNC(=O)[C@@H]1CCCN1C(=O)[C@H](CCCNC(=N)N)NC(=O)[C@H](CC(C)C)NC(=O)[C@@H](Cc1cn(Cc2ccccc2)cn1)NC(=O)[C@H](Cc1ccc(O)cc1)NC(=O)[C@H](CO)NC(=O)[C@H](Cc1c[nH]c2ccccc12)NC(=O)[C@H](Cc1c[nH]cn1)NC(=O)[C@@H]1CCC(=O)N1,drug_embeddings_by_freq\drug_images\DB06788.png
DB06791,Lanreotide,CC(C)C1NC(=O)C(CCCCN)NC(=O)C(Cc2c[nH]c3ccccc23)NC(=O)C(Cc2ccc(O)cc2)NC(=O)C(NC(=O)C(N)Cc2ccc3ccccc3c2)CSSCC(C(=O)NC(C(N)=O)C(C)O)NC1=O,drug_embeddings_by_freq\drug_images\DB06791.png
DB06794,Lodoxamide,N#Cc1cc(NC(=O)C(=O)O)c(Cl)c(NC(=O)C(=O)O)c1,drug_embeddings_by_freq\drug_images\DB06794.png
DB06809,Plerixafor,c1cc(CN2CCCNCCNCCCNCC2)ccc1CN1CCCNCCNCCCNCC1,drug_embeddings_by_freq\drug_images\DB06809.png
DB06817,Raltegravir,Cc1nnc(C(=O)NC(C)(C)c2nc(C(=O)NCc3ccc(F)cc3)c(O)c(=O)n2C)o1,drug_embeddings_by_freq\drug_images\DB06817.png
DB06825,Triptorelin,CC(C)C[C@H](NC(=O)[C@@H](Cc1c[nH]c2ccccc12)NC(=O)[C@H](Cc1ccc(O)cc1)NC(=O)[C@H](CO)NC(=O)[C@H](Cc1c[nH]c2ccccc12)NC(=O)[C@H](Cc1c[nH]cn1)NC(=O)[C@@H]1CCC(=O)N1)C(=O)N[C@@H](CCCNC(=N)N)C(=O)N1CCC[C@H]1C(=O)NCC(N)=O,drug_embeddings_by_freq\drug_images\DB06825.png
DB08815,Lurasidone,O=C1[C@@H]2[C@H]3CC[C@H](C3)[C@@H]2C(=O)N1C[C@@H]1CCCC[C@H]1CN1CCN(c2nsc3ccccc23)CC1,drug_embeddings_by_freq\drug_images\DB08815.png
DB08816,Ticagrelor,CCCSc1nc(N[C@@H]2C[C@H]2c2ccc(F)c(F)c2)c2nnn([C@@H]3C[C@H](OCCO)[C@@H](O)[C@H]3O)c2n1,drug_embeddings_by_freq\drug_images\DB08816.png
DB08819,Tafluprost,CC(C)OC(=O)CCC/C=C\C[C@@H]1[C@@H](/C=C/C(F)(F)COc2ccccc2)[C@H](O)C[C@@H]1O,drug_embeddings_by_freq\drug_images\DB08819.png
DB08820,Ivacaftor,CC(C)(C)c1cc(C(C)(C)C)c(NC(=O)c2c[nH]c3ccccc3c2=O)cc1O,drug_embeddings_by_freq\drug_images\DB08820.png
DB08828,Vismodegib,CS(=O)(=O)c1ccc(C(=O)Nc2ccc(Cl)c(-c3ccccn3)c2)c(Cl)c1,drug_embeddings_by_freq\drug_images\DB08828.png
DB08864,Rilpivirine,Cc1cc(/C=C/C#N)cc(C)c1Nc1ccnc(Nc2ccc(C#N)cc2)n1,drug_embeddings_by_freq\drug_images\DB08864.png
DB08865,Crizotinib,C[C@@H](Oc1cc(-c2cnn(C3CCNCC3)c2)cnc1N)c1c(Cl)ccc(F)c1Cl,drug_embeddings_by_freq\drug_images\DB08865.png
DB08867,Ulipristal,CC(=O)[C@@]1(O)CC[C@H]2[C@@H]3CCC4=CC(=O)CCC4=C3[C@@H](c3ccc(N(C)C)cc3)C[C@@]21C,drug_embeddings_by_freq\drug_images\DB08867.png
DB08868,Fingolimod,CCCCCCCCc1ccc(CCC(N)(CO)CO)cc1,drug_embeddings_by_freq\drug_images\DB08868.png
DB08871,Eribulin,C=C1C[C@@H]2CC[C@@]34C[C@@H]5O[C@@H]6[C@@H](O[C@H]7CC[C@H](CC(=O)C[C@@H]8[C@@H](OC)[C@@H](C[C@H](O)CN)O[C@H]8C[C@H]8O[C@@H](CC[C@@H]1O2)C[C@@H](C)C8=C)O[C@@H]7[C@@H]6O3)[C@H]5O4,drug_embeddings_by_freq\drug_images\DB08871.png
DB08873,Boceprevir,CC(C)(C)NC(=O)N[C@H](C(=O)N1C[C@H]2[C@@H]([C@H]1C(=O)NC(CC1CCC1)C(=O)C(N)=O)C2(C)C)C(C)(C)C,drug_embeddings_by_freq\drug_images\DB08873.png
DB08874,Fidaxomicin,CCc1c(Cl)c(O)c(Cl)c(O)c1C(=O)O[C@H]1[C@H](O)[C@H](OC)[C@H](OC/C2=C\C=C\C[C@H](O)/C(C)=C/[C@H](CC)[C@@H](O[C@@H]3OC(C)(C)[C@@H](OC(=O)C(C)C)[C@H](O)[C@@H]3O)/C(C)=C/C(C)=C/C[C@@H]([C@@H](C)O)OC2=O)O[C@@H]1C,drug_embeddings_by_freq\drug_images\DB08874.png
DB08875,Cabozantinib,COc1cc2nccc(Oc3ccc(NC(=O)C4(C(=O)Nc5ccc(F)cc5)CC4)cc3)c2cc1OC,drug_embeddings_by_freq\drug_images\DB08875.png
DB08877,Ruxolitinib,N#CC[C@H](C1CCCC1)n1cc(-c2ncnc3[nH]ccc23)cn1,drug_embeddings_by_freq\drug_images\DB08877.png
DB08880,Teriflunomide,C/C(O)=C(\C#N)C(=O)Nc1ccc(C(F)(F)F)cc1,drug_embeddings_by_freq\drug_images\DB08880.png
DB08881,Vemurafenib,CCCS(=O)(=O)Nc1ccc(F)c(C(=O)c2c[nH]c3ncc(-c4ccc(Cl)cc4)cc23)c1F,drug_embeddings_by_freq\drug_images\DB08881.png
DB08882,Linagliptin,CC#CCn1c(N2CCC[C@@H](N)C2)nc2c1c(=O)n(Cc1nc(C)c3ccccc3n1)c(=O)n2C,drug_embeddings_by_freq\drug_images\DB08882.png
DB08883,Perampanel,N#Cc1ccccc1-c1cc(-c2ccccn2)cn(-c2ccccc2)c1=O,drug_embeddings_by_freq\drug_images\DB08883.png
DB08889,Carfilzomib,CC(C)C[C@H](NC(=O)[C@H](CCc1ccccc1)NC(=O)CN1CCOCC1)C(=O)N[C@@H](Cc1ccccc1)C(=O)N[C@@H](CC(C)C)C(=O)[C@@]1(C)CO1,drug_embeddings_by_freq\drug_images\DB08889.png
DB08893,Mirabegron,Nc1nc(CC(=O)Nc2ccc(CCNC[C@H](O)c3ccccc3)cc2)cs1,drug_embeddings_by_freq\drug_images\DB08893.png
DB08895,Tofacitinib,C[C@@H]1CCN(C(=O)CC#N)C[C@@H]1N(C)c1ncnc2[nH]ccc12,drug_embeddings_by_freq\drug_images\DB08895.png
DB08896,Regorafenib,CNC(=O)c1cc(Oc2ccc(NC(=O)Nc3ccc(Cl)c(C(F)(F)F)c3)c(F)c2)ccn1,drug_embeddings_by_freq\drug_images\DB08896.png
DB08899,Enzalutamide,CNC(=O)c1ccc(N2C(=S)N(c3ccc(C#N)c(C(F)(F)F)c3)C(=O)C2(C)C)cc1F,drug_embeddings_by_freq\drug_images\DB08899.png
DB08901,Ponatinib,Cc1ccc(C(=O)Nc2ccc(CN3CCN(C)CC3)c(C(F)(F)F)c2)cc1C#Cc1cnc2cccnn12,drug_embeddings_by_freq\drug_images\DB08901.png
DB08903,Bedaquiline,COc1nc2ccc(Br)cc2cc1[C@@H](c1ccccc1)[C@@](O)(CCN(C)C)c1cccc2ccccc12,drug_embeddings_by_freq\drug_images\DB08903.png
DB08907,Canagliflozin,Cc1ccc([C@@H]2O[C@H](CO)[C@@H](O)[C@H](O)[C@H]2O)cc1Cc1ccc(-c2ccc(F)cc2)s1,drug_embeddings_by_freq\drug_images\DB08907.png
DB08910,Pomalidomide,Nc1cccc2c1C(=O)N(C1CCC(=O)NC1=O)C2=O,drug_embeddings_by_freq\drug_images\DB08910.png
DB08911,Trametinib,CC(=O)Nc1cccc(-n2c(=O)n(C3CC3)c(=O)c3c(Nc4ccc(I)cc4F)n(C)c(=O)c(C)c32)c1,drug_embeddings_by_freq\drug_images\DB08911.png
DB08912,Dabrafenib,CC(C)(C)c1nc(-c2cccc(NS(=O)(=O)c3c(F)cccc3F)c2F)c(-c2ccnc(N)n2)s1,drug_embeddings_by_freq\drug_images\DB08912.png
DB08916,Afatinib,CN(C)C/C=C/C(=O)Nc1cc2c(Nc3ccc(F)c(Cl)c3)ncnc2cc1O[C@H]1CCOC1,drug_embeddings_by_freq\drug_images\DB08916.png
DB08930,Dolutegravir,C[C@@H]1CCO[C@H]2Cn3cc(C(=O)NCc4ccc(F)cc4F)c(=O)c(O)c3C(=O)N12,drug_embeddings_by_freq\drug_images\DB08930.png
DB08931,Riociguat,COC(=O)N(C)c1c(N)nc(-c2nn(Cc3ccccc3F)c3ncccc23)nc1N,drug_embeddings_by_freq\drug_images\DB08931.png
DB08932,Macitentan,CCCNS(=O)(=O)Nc1ncnc(OCCOc2ncc(Br)cn2)c1-c1ccc(Br)cc1,drug_embeddings_by_freq\drug_images\DB08932.png
DB08934,Sofosbuvir,CC(C)OC(=O)[C@H](C)N[P@](=O)(OC[C@H]1O[C@@H](n2ccc(=O)[nH]c2=O)[C@](C)(F)[C@@H]1O)Oc1ccccc1,drug_embeddings_by_freq\drug_images\DB08934.png
DB08947,Iopamidol,C[C@H](O)C(=O)Nc1c(I)c(C(=O)NC(CO)CO)c(I)c(C(=O)NC(CO)CO)c1I,drug_embeddings_by_freq\drug_images\DB08947.png
DB09026,Aliskiren,COCCCOc1cc(C[C@@H](C[C@H](N)[C@@H](O)C[C@H](C(=O)NCC(C)(C)C(N)=O)C(C)C)C(C)C)ccc1OC,drug_embeddings_by_freq\drug_images\DB09026.png
DB09030,Vorapaxar,CCOC(=O)N[C@@H]1CC[C@@H]2[C@@H](C1)C[C@H]1C(=O)O[C@H](C)[C@H]1[C@H]2/C=C/c1ccc(-c2cccc(F)c2)cn1,drug_embeddings_by_freq\drug_images\DB09030.png
DB09034,Suvorexant,Cc1ccc(-n2nccn2)c(C(=O)N2CCN(c3nc4cc(Cl)ccc4o3)CC[C@H]2C)c1,drug_embeddings_by_freq\drug_images\DB09034.png
DB09038,Empagliflozin,OC[C@H]1O[C@@H](c2ccc(Cl)c(Cc3ccc(O[C@H]4CCOC4)cc3)c2)[C@H](O)[C@@H](O)[C@@H]1O,drug_embeddings_by_freq\drug_images\DB09038.png
DB09039,Eliglustat,CCCCCCCC(=O)N[C@H](CN1CCCC1)[C@H](O)c1ccc2c(c1)OCCO2,drug_embeddings_by_freq\drug_images\DB09039.png
DB09053,Ibrutinib,C=CC(=O)N1CCC[C@@H](n2nc(-c3ccc(Oc4ccccc4)cc3)c3c(N)ncnc32)C1,drug_embeddings_by_freq\drug_images\DB09053.png
DB09065,Cobicistat,CC(C)c1nc(CN(C)C(=O)N[C@@H](CCN2CCOCC2)C(=O)N[C@H](CC[C@H](Cc2ccccc2)NC(=O)OCc2cncs2)Cc2ccccc2)cs1,drug_embeddings_by_freq\drug_images\DB09065.png
DB09068,Vortioxetine,Cc1ccc(Sc2ccccc2N2CCNCC2)c(C)c1,drug_embeddings_by_freq\drug_images\DB09068.png
DB09071,Tasimelteon,CCC(=O)NC[C@@H]1C[C@H]1c1cccc2c1CCO2,drug_embeddings_by_freq\drug_images\DB09071.png
DB09080,Olodaterol,COc1ccc(CC(C)(C)NC[C@H](O)c2cc(O)cc3c2OCC(=O)N3)cc1,drug_embeddings_by_freq\drug_images\DB09080.png
DB09090,Pinaverium,COc1cc(Br)c(C[N+]2(CCOCCC3CCC4CC3C4(C)C)CCOCC2)cc1OC,drug_embeddings_by_freq\drug_images\DB09090.png
DB09101,Elvitegravir,COc1cc2c(cc1Cc1cccc(Cl)c1F)c(=O)c(C(=O)O)cn2[C@H](CO)C(C)C,drug_embeddings_by_freq\drug_images\DB09101.png
DB09156,Iopromide,COCC(=O)Nc1c(I)c(C(=O)NCC(O)CO)c(I)c(C(=O)N(C)CC(O)CO)c1I,drug_embeddings_by_freq\drug_images\DB09156.png
DB09220,Nicorandil,O=C(NCCO[N+](=O)[O-])c1cccnc1,drug_embeddings_by_freq\drug_images\DB09220.png
DB09487,Iotrolan,CN(C(=O)CC(=O)N(C)c1c(I)c(C(=O)NC(CO)C(O)CO)c(I)c(C(=O)NC(CO)C(O)CO)c1I)c1c(I)c(C(=O)NC(CO)C(O)CO)c(I)c(C(=O)NC(CO)C(O)CO)c1I,drug_embeddings_by_freq\drug_images\DB09487.png
DB11699,Tropisetron,CN1[C@@H]2CC[C@H]1C[C@@H](OC(=O)c1c[nH]c3ccccc13)C2,drug_embeddings_by_freq\drug_images\DB11699.png
DB11750,Clobetasol,C[C@H]1C[C@H]2[C@@H]3CCC4=CC(=O)C=C[C@]4(C)[C@@]3(F)[C@@H](O)C[C@]2(C)[C@@]1(O)C(=O)CCl,drug_embeddings_by_freq\drug_images\DB11750.png
DB13158,Clobetasone,C[C@H]1C[C@H]2[C@@H]3CCC4=CC(=O)C=C[C@]4(C)[C@@]3(F)C(=O)C[C@]2(C)[C@@]1(O)C(=O)CCl,drug_embeddings_by_freq\drug_images\DB13158.png
DB13615,Mifamurtide,CCCCCCCCCCCCCCCC(=O)OC[C@H](COP(=O)([O-])OCCNC(=O)[C@H](C)NC(=O)CC[C@@H](NC(=O)[C@H](C)NC(=O)[C@@H](C)O[C@@H]([C@H](O)[C@H](O)CO)[C@H](C=O)NC(C)=O)C(N)=O)OC(=O)CCCCCCCCCCCCCCC.O.[Na+],drug_embeddings_by_freq\drug_images\DB13615.png
DB13867,Fluticasone,C[C@@H]1C[C@H]2[C@@H]3C[C@H](F)C4=CC(=O)C=C[C@]4(C)[C@@]3(F)[C@@H](O)C[C@]2(C)[C@@]1(O)C(=O)SCF,drug_embeddings_by_freq\drug_images\DB13867.png
DB13919,Candesartan,CCOc1nc2cccc(C(=O)O)c2n1Cc1ccc(-c2ccccc2-c2nnn[nH]2)cc1,drug_embeddings_by_freq\drug_images\DB13919.png
DB14569,Tedizolid,Cn1nnc(-c2ccc(-c3ccc(N4C[C@H](CO)OC4=O)cc3F)cn2)n1,drug_embeddings_by_freq\drug_images\DB14569.png
DB14570,Hydroxyprogesterone,CC(=O)[C@@]1(O)CC[C@H]2[C@@H]3CCC4=CC(=O)CC[C@]4(C)[C@H]3CC[C@@]21C,drug_embeddings_by_freq\drug_images\DB14570.png
DB14575,Eslicarbazepine,NC(=O)N1c2ccccc2C[C@H](O)c2ccccc21,drug_embeddings_by_freq\drug_images\DB14575.png
DB19378,Megestrol,CC(=O)[C@@]1(O)CC[C@H]2[C@@H]3C=C(C)C4=CC(=O)CC[C@]4(C)[C@H]3CC[C@@]21C,drug_embeddings_by_freq\drug_images\DB19378.png
